sheet,row,forwarder,label,predicted,expected,rule_engine_now,engine_matches_a,reason,in_stat,in_tarif,in_fr_diff,in_tz_diff,in_empf_plz,in_empf_ort,in_anz_sdg,in_av_diff,in_exp_diff,in_exp_dl,in_snk_dl,in_snk_diff,in_snk_tarif,in_maut_diff,in_dgr_diff,in_serv_art,in_sachkonto,in_zz_diff,in_referenz3,in_lg_diff
Soll-Ist-Vergleich best. Beleg,4,dachser,correct,,,,true,STAT=30 | TARIF=314.84 | FR=-0.05 | TZ=-0.01 | VKG=2703 | VKG_DL=2703,30,314.84,-0.05,-0.01,73312,GEISLINGEN AN DER STEIGE,1,,,,,,,,,,,,,
Soll-Ist-Vergleich best. Beleg,5,dachser,correct,Gebühr für vergeblichen Abholversuch,Gebühr für vergeblichen Abholversuch,Gebühr für vergeblichen Abholversuch,true,STAT=10 | AV=48 | VKG_DL=160,10,,,,45128,ESSEN,1,48,,,,,,,,,,,,
Soll-Ist-Vergleich best. Beleg,6,dachser,correct,Produktzuschlag,Produktzuschlag,Produktzuschlag,true,STAT=10 | TARIF=660.52 | FR=-0.03 | EXP=43.6 | EXP_DL=43.6 | VKG=4115 | VKG_DL=4115,10,660.52,-0.03,,73312,GEISLINGEN AN DER STEIGE,1,,43.6,43.6,,,,,,,,,,
Soll-Ist-Vergleich best. Beleg,7,dachser,correct,Gebühr für vergeblichen Abholversuch,Gebühr für vergeblichen Abholversuch,Gebühr für vergeblichen Abholversuch,true,STAT=10 | AV=48 | VKG=297 | VKG_DL=297,10,,,,73312,GEISLINGEN AN DER STEIGE,1,48,,,,,,,,,,,,
Soll-Ist-Vergleich best. Beleg,8,dachser,correct,Mautdifferenz,Mautdifferenz,Mautdifferenz,true,STAT=10 | TARIF=495.29 | SNK_DL=17.65 | SNK_DIFF=0.01 | MAUT=57.43 | TZ=0.01 | VKG=4000 | VKG_DL=1209,10,495.29,,0.01,73312,GEISLINGEN AN DER STEIGE,1,,,,17.65,0.01,17.64,57.43,,,,,,
Soll-Ist-Vergleich best. Beleg,9,dachser,correct,Gebühr für vergeblichen Abholversuch,Gebühr für vergeblichen Abholversuch,Gebühr für vergeblichen Abholversuch,true,STAT=10 | AV=48 | VKG=108 | VKG_DL=108,10,,,,73312,GEISLINGEN AN DER STEIGE,1,48,,,,,,,,,,,,
Soll-Ist-Vergleich best. Beleg,10,dachser,correct,Produktzuschlag,Produktzuschlag,Produktzuschlag,true,STAT=10 | TARIF=767.03 | FR=-0.04 | EXP=49.1 | EXP_DL=49.1 | VKG=6030 | VKG_DL=6030,10,767.03,-0.04,,73312,GEISLINGEN AN DER STEIGE,1,,49.1,49.1,,,,,,,,,,
Soll-Ist-Vergleich best. Beleg,11,dachser,correct,Gefahrgut-Zuschlag // Mautdifferenz,Gefahrgut-Zuschlag // Mautdifferenz,Gefahrgut-Zuschlag // Mautdifferenz,true,STAT=10 | TARIF=442.3 | FR=-0.01 | SNK_DL=16.29 | DGR=55 | MAUT=-9.42 | VKG_DL=452 | SERV=DA01 | SACH=612100,10,442.3,-0.01,,0694,Oslo,1,,,,16.29,,16.29,-9.42,55,DA01,612100,,,
Soll-Ist-Vergleich best. Beleg,12,dachser,correct,Mautdifferenz,Mautdifferenz,Mautdifferenz,true,STAT=10 | TARIF=127.82 | FR=0.04 | SNK_DL=4.86 | SNK_DIFF=0.01 | MAUT=-3.99 | VKG_DL=103 | SERV=DA01 | SACH=612100,10,127.82,0.04,,80110,Domart-sur-la-Luce,1,,,,4.86,0.01,4.85,-3.99,,DA01,612100,,,
Soll-Ist-Vergleich best. Beleg,13,dachser,correct,Mautdifferenz,Mautdifferenz,Mautdifferenz,true,STAT=10 | TARIF=136.82 | FR=0.05 | SNK_DL=5.31 | SNK_DIFF=0.01 | MAUT=-1.98 | TZ=0.01 | VKG_DL=104 | SERV=DA01 | SACH=612100,10,136.82,0.05,0.01,74000,Annecy,1,,,,5.31,0.01,5.3,-1.98,,DA01,612100,,,
Soll-Ist-Vergleich best. Beleg,14,dachser,correct,Mautdifferenz,Mautdifferenz,Mautdifferenz,true,STAT=10 | TARIF=123.3 | SNK_DL=4.76 | MAUT=-1.48 | VKG_DL=78 | SERV=DA01 | SACH=612100,10,123.3,,,0694,Oslo,1,,,,4.76,,4.76,-1.48,,DA01,612100,,,
Soll-Ist-Vergleich best. Beleg,15,dachser,correct,Mautdifferenz,Mautdifferenz,Mautdifferenz,true,STAT=10 | TARIF=108.6 | FR=0.04 | SNK_DL=4.28 | SNK_DIFF=0.01 | MAUT=-0.55 | VKG_DL=96 | SERV=DA01 | SACH=612110,10,108.6,0.04,,25220,THISE,1,,,,4.28,0.01,4.27,-0.55,,DA01,612110,,,
Soll-Ist-Vergleich best. Beleg,16,dachser,correct,Mautdifferenz,Mautdifferenz,Mautdifferenz,true,STAT=10 | TARIF=139.84 | FR=0.05 | SNK_DL=5.31 | SNK_DIFF=0.01 | MAUT=-5 | TZ=0.01 | VKG_DL=112 | SERV=DA01 | SACH=612110,10,139.84,0.05,0.01,13014,MARSEILLE,1,,,,5.31,0.01,5.3,-5,,DA01,612110,,,
Soll-Ist-Vergleich best. Beleg,17,dachser,correct,Mautdifferenz,Mautdifferenz,Mautdifferenz,true,STAT=10 | TARIF=127.82 | FR=0.04 | SNK_DL=4.86 | SNK_DIFF=0.01 | MAUT=-3.99 | VKG_DL=105 | SERV=DA01 | SACH=612110,10,127.82,0.04,,42300,Roanne,1,,,,4.86,0.01,4.85,-3.99,,DA01,612110,,,
Soll-Ist-Vergleich best. Beleg,18,dachser,correct,Mautdifferenz,Mautdifferenz,Mautdifferenz,true,STAT=10 | TARIF=90.61 | FR=-0.03 | SNK_DL=3.56 | MAUT=-1.37 | TZ=-0.01 | VKG_DL=46 | SERV=DA01 | SACH=612110,10,90.61,-0.03,-0.01,76300,Sotteville-lès-Rouen,1,,,,3.56,,3.56,-1.37,,DA01,612110,,,
Soll-Ist-Vergleich best. Beleg,19,dachser,correct,Mautdifferenz,Mautdifferenz,Mautdifferenz,true,STAT=10 | TARIF=126.8 | FR=0.04 | SNK_DL=4.86 | SNK_DIFF=0.01 | MAUT=-2.97 | VKG_DL=106 | SERV=DA01 | SACH=612110,10,126.8,0.04,,69300,Caluire-et-Cuire,1,,,,4.86,0.01,4.85,-2.97,,DA01,612110,,,
Soll-Ist-Vergleich best. Beleg,20,dachser,correct,Mautdifferenz,Mautdifferenz,Mautdifferenz,true,STAT=10 | TARIF=105.34 | SNK_DL=4.07 | MAUT=-2.38 | VKG_DL=86 | SERV=DA01 | SACH=612110,10,105.34,,,77184,EMERAINVILLE,1,,,,4.07,,4.07,-2.38,,DA01,612110,,,
Soll-Ist-Vergleich best. Beleg,21,dachser,correct,Mautdifferenz,Mautdifferenz,Mautdifferenz,true,STAT=10 | TARIF=121.91 | FR=-0.04 | SNK_DL=4.61 | MAUT=-3.99 | VKG_DL=109 | SERV=DA01 | SACH=612110,10,121.91,-0.04,,95100,ARGENTEUIL,1,,,,4.61,,4.61,-3.99,,DA01,612110,,,
Soll-Ist-Vergleich best. Beleg,22,dachser,correct,Mautdifferenz,Mautdifferenz,Mautdifferenz,true,STAT=10 | TARIF=105.34 | SNK_DL=4.07 | MAUT=-2.38 | VKG_DL=81 | SERV=DA01 | SACH=612110,10,105.34,,,77184,Emerainville,1,,,,4.07,,4.07,-2.38,,DA01,612110,,,
Soll-Ist-Vergleich best. Beleg,23,dachser,correct,Mautdifferenz,Mautdifferenz,Mautdifferenz,true,STAT=10 | TARIF=96.57 | FR=-0.04 | SNK_DL=3.81 | MAUT=-0.71 | VKG_DL=31 | SERV=DA01 | SACH=612100,10,96.57,-0.04,,0666,Oslo,1,,,,3.81,,3.81,-0.71,,DA01,612100,,,
Soll-Ist-Vergleich best. Beleg,24,dachser,correct,Mautdifferenz,Mautdifferenz,Mautdifferenz,true,STAT=10 | TARIF=123.3 | SNK_DL=4.76 | MAUT=-1.48 | VKG_DL=57 | SERV=DA01 | SACH=612100,10,123.3,,,0694,Oslo,1,,,,4.76,,4.76,-1.48,,DA01,612100,,,
Soll-Ist-Vergleich best. Beleg,25,dachser,correct,Gefahrgut-Zuschlag // Mautdifferenz,Gefahrgut-Zuschlag // Mautdifferenz,Gefahrgut-Zuschlag // Mautdifferenz,true,STAT=10 | TARIF=123.3 | SNK_DL=4.76 | DGR=55 | MAUT=-1.48 | VKG_DL=99 | SERV=DA01 | SACH=612100,10,123.3,,,0694,Oslo,1,,,,4.76,,4.76,-1.48,55,DA01,612100,,,
Soll-Ist-Vergleich best. Beleg,26,dachser,correct,Mautdifferenz,Mautdifferenz,Mautdifferenz,true,STAT=10 | TARIF=172.43 | FR=0.05 | SNK_DL=6.35 | MAUT=-6.23 | TZ=0.01 | VKG_DL=199 | SERV=DA01 | SACH=612100,10,172.43,0.05,0.01,62161,Alytus,1,,,,6.35,,6.35,-6.23,,DA01,612100,,,
Soll-Ist-Vergleich best. Beleg,27,dachser,correct,Mautdifferenz,Mautdifferenz,Mautdifferenz,true,STAT=10 | TARIF=101.75 | SNK_DL=4.07 | MAUT=0.62 | VKG_DL=98 | SERV=DA01 | SACH=612110,10,101.75,,,67460,SOUFFELWEYERSHEIM,1,,,,4.07,,4.07,0.62,,DA01,612110,,,
Soll-Ist-Vergleich best. Beleg,28,dachser,correct,Mautdifferenz,Mautdifferenz,Mautdifferenz,true,STAT=10 | TARIF=122.02 | FR=0.05 | SNK_DL=4.73 | SNK_DIFF=0.01 | MAUT=-2.96 | TZ=0.01 | VKG_DL=78 | SERV=DA01 | SACH=612110,10,122.02,0.05,0.01,37170,Chambray les Tours,1,,,,4.73,0.01,4.72,-2.96,,DA01,612110,,,
Soll-Ist-Vergleich best. Beleg,29,dachser,correct,Mautdifferenz,Mautdifferenz,Mautdifferenz,true,STAT=10 | TARIF=122.63 | FR=0.05 | SNK_DL=4.73 | SNK_DIFF=0.01 | MAUT=-3.57 | TZ=0.01 | VKG_DL=86 | SERV=DA01 | SACH=612110,10,122.63,0.05,0.01,34070,MONTPELLIER,1,,,,4.73,0.01,4.72,-3.57,,DA01,612110,,,
Soll-Ist-Vergleich best. Beleg,30,dachser,correct,Mautdifferenz,Mautdifferenz,Mautdifferenz,true,STAT=10 | TARIF=105.34 | SNK_DL=4.07 | MAUT=-2.38 | VKG_DL=65 | SERV=DA01 | SACH=612110,10,105.34,,,91310,Linas,1,,,,4.07,,4.07,-2.38,,DA01,612110,,,
Soll-Ist-Vergleich best. Beleg,31,dachser,correct,Mautdifferenz,Mautdifferenz,Mautdifferenz,true,STAT=10 | TARIF=105.34 | SNK_DL=4.07 | MAUT=-2.38 | VKG_DL=95 | SERV=DA01 | SACH=612110,10,105.34,,,77176,Savigny-le-Temple,1,,,,4.07,,4.07,-2.38,,DA01,612110,,,
Soll-Ist-Vergleich best. Beleg,32,dachser,correct,Mautdifferenz,Mautdifferenz,Mautdifferenz,true,STAT=10 | TARIF=121.91 | FR=-0.04 | SNK_DL=4.61 | MAUT=-3.99 | VKG_DL=115 | SERV=DA01 | SACH=612110,10,121.91,-0.04,,77184,EMERAINVILLE,1,,,,4.61,,4.61,-3.99,,DA01,612110,,,
Soll-Ist-Vergleich best. Beleg,33,dachser,correct,Mautdifferenz,Mautdifferenz,Mautdifferenz,true,STAT=10 | TARIF=162.35 | FR=-0.03 | SNK_DL=6.16 | MAUT=-2.46 | TZ=-0.01 | VKG_DL=127 | SERV=DA01 | SACH=612100,10,162.35,-0.03,-0.01,0694,Oslo,1,,,,6.16,,6.16,-2.46,,DA01,612100,,,
Soll-Ist-Vergleich best. Beleg,34,dachser,correct,Gefahrgut-Zuschlag // Mautdifferenz,Gefahrgut-Zuschlag // Mautdifferenz,Gefahrgut-Zuschlag // Mautdifferenz,true,STAT=10 | TARIF=87.32 | FR=-0.01 | SNK_DL=3.51 | DGR=25 | MAUT=0.51 | VKG_DL=49 | SERV=DA01 | SACH=612100,10,87.32,-0.01,,2615-134,Alverca do Ribatejo,1,,,,3.51,,3.51,0.51,25,DA01,612100,,,
Soll-Ist-Vergleich best. Beleg,35,dachser,correct,Differenz Laderaumkostenentwicklung // Mautdifferenz // hätte gebündelt werden können?,Differenz Laderaumkostenentwicklung // Mautdifferenz // hätte gebündelt werden können?,Differenz Laderaumkostenentwicklung // Mautdifferenz // hätte gebündelt werden können?,true,STAT=10 | TARIF=139.83 | FR=65.75 | SNK_DL=8.6 | SNK_DIFF=3.3 | MAUT=-4.46 | TZ=11.51 | VKG_DL=105 | SERV=DA01 | SACH=612100,10,139.83,65.75,11.51,26000,VALENCE,2,,,,8.6,3.3,5.3,-4.46,,DA01,612100,,,
Soll-Ist-Vergleich best. Beleg,36,dachser,correct,Mautdifferenz,Mautdifferenz,Mautdifferenz,true,STAT=10 | TARIF=401.49 | FR=0.04 | SNK_DL=13.97 | SNK_DIFF=0.01 | MAUT=-29.43 | TZ=0.01 | VKG_DL=947 | SERV=DA01 | SACH=612110,10,401.49,0.04,0.01,75012,Paris,1,,,,13.97,0.01,13.96,-29.43,,DA01,612110,,,
Soll-Ist-Vergleich best. Beleg,37,dachser,correct,Mautdifferenz,Mautdifferenz,Mautdifferenz,true,STAT=10 | TARIF=150.98 | SNK_DL=6.01 | MAUT=1.37 | VKG_DL=195 | SERV=DA01 | SACH=612110,10,150.98,,,67460,SOUFFELWEYERSHEIM,1,,,,6.01,,6.01,1.37,,DA01,612110,,,
Soll-Ist-Vergleich best. Beleg,38,dachser,correct,Mautdifferenz,Mautdifferenz,Mautdifferenz,true,STAT=10 | TARIF=123.5 | FR=0.05 | SNK_DL=4.73 | SNK_DIFF=0.01 | MAUT=-4.44 | TZ=0.01 | VKG_DL=77 | SERV=DA01 | SACH=612110,10,123.5,0.05,0.01,44115,BASSE GOULAINE,1,,,,4.73,0.01,4.72,-4.44,,DA01,612110,,,
Soll-Ist-Vergleich best. Beleg,39,dachser,correct,Mautdifferenz,Mautdifferenz,Mautdifferenz,true,STAT=10 | TARIF=137.81 | FR=0.05 | SNK_DL=5.31 | SNK_DIFF=0.01 | MAUT=-2.97 | TZ=0.01 | VKG_DL=109 | SERV=DA01 | SACH=612110,10,137.81,0.05,0.01,38300,BOURGOIN-JALLIEU,1,,,,5.31,0.01,5.3,-2.97,,DA01,612110,,,
Soll-Ist-Vergleich best. Beleg,40,dachser,correct,Mautdifferenz,Mautdifferenz,Mautdifferenz,true,STAT=10 | TARIF=105.34 | SNK_DL=4.07 | MAUT=-2.38 | VKG_DL=80 | SERV=DA01 | SACH=612110,10,105.34,,,92150,Suresnes,1,,,,4.07,,4.07,-2.38,,DA01,612110,,,
Soll-Ist-Vergleich best. Beleg,41,dachser,correct,Mautdifferenz,Mautdifferenz,Mautdifferenz,true,STAT=10 | TARIF=172.25 | FR=0.02 | SNK_DL=6.41 | MAUT=-7.19 | TZ=0.01 | VKG_DL=226 | SERV=DA01 | SACH=612110,10,172.25,0.02,0.01,77184,EMERAINVILLE,1,,,,6.41,,6.41,-7.19,,DA01,612110,,,
Soll-Ist-Vergleich best. Beleg,42,dachser,correct,Mautdifferenz,Mautdifferenz,Mautdifferenz,true,STAT=10 | TARIF=96.57 | FR=-0.04 | SNK_DL=3.81 | MAUT=-0.71 | VKG_DL=39 | SERV=DA01 | SACH=612100,10,96.57,-0.04,,0666,Oslo,1,,,,3.81,,3.81,-0.71,,DA01,612100,,,
Soll-Ist-Vergleich best. Beleg,43,dachser,correct,Mautdifferenz,Mautdifferenz,Mautdifferenz,true,STAT=10 | TARIF=123.3 | SNK_DL=4.76 | MAUT=-1.48 | VKG_DL=56 | SERV=DA01 | SACH=612100,10,123.3,,,0694,Oslo,1,,,,4.76,,4.76,-1.48,,DA01,612100,,,
Soll-Ist-Vergleich best. Beleg,44,dachser,correct,Mautdifferenz,Mautdifferenz,Mautdifferenz,true,STAT=10 | TARIF=162.35 | FR=-0.03 | SNK_DL=6.16 | MAUT=-2.46 | TZ=-0.01 | VKG_DL=110 | SERV=DA01 | SACH=612100,10,162.35,-0.03,-0.01,0694,Oslo,1,,,,6.16,,6.16,-2.46,,DA01,612100,,,
Soll-Ist-Vergleich best. Beleg,45,dachser,correct,Mautdifferenz,Mautdifferenz,Mautdifferenz,true,STAT=10 | TARIF=1185.25 | FR=0.01 | SNK_DL=43.07 | SNK_DIFF=0.01 | MAUT=-28.81 | VKG_DL=1456 | SERV=DA01 | SACH=612100,10,1185.25,0.01,,0694,Oslo,1,,,,43.07,0.01,43.06,-28.81,,DA01,612100,,,
Soll-Ist-Vergleich best. Beleg,46,dachser,correct,Gefahrgut-Zuschlag // Mautdifferenz,Gefahrgut-Zuschlag // Mautdifferenz,Gefahrgut-Zuschlag // Mautdifferenz,true,STAT=10 | TARIF=1417.84 | FR=0.01 | SNK_DL=50.73 | SNK_DIFF=0.01 | DGR=55 | MAUT=-38.76 | VKG_DL=1966 | SERV=DA01 | SACH=612100,10,1417.84,0.01,,0694,Oslo,1,,,,50.73,0.01,50.72,-38.76,55,DA01,612100,,,
Soll-Ist-Vergleich best. Beleg,47,dachser,wrong,Ausfallfracht/Schadensersatz // Mautdifferenz,Differenz Hebebuehnen-Zuschlag // Mautdifferenz,Ausfallfracht/Schadensersatz // Mautdifferenz,true,STAT=10 | TARIF=2329.53 | FR=0.03 | SNK_DL=75 | SNK_DIFF=-10 | MAUT=-54.67 | TZ=0.01 | VKG_DL=2725 | SERV=DA01 | SACH=612100,10,2329.53,0.03,0.01,0694,Oslo,1,,,,75,-10,85,-54.67,,DA01,612100,,,
Soll-Ist-Vergleich best. Beleg,48,dachser,correct,Mautdifferenz,Mautdifferenz,Mautdifferenz,true,STAT=10 | TARIF=221.69 | FR=0.05 | SNK_DL=8.18 | SNK_DIFF=0.01 | MAUT=-15.22 | TZ=0.01 | VKG_DL=203 | SERV=DA01 | SACH=612100,10,221.69,0.05,0.01,17675,Kallithea/Athens,1,,,,8.18,0.01,8.17,-15.22,,DA01,612100,,,
Soll-Ist-Vergleich best. Beleg,49,dachser,correct,Mautdifferenz,Mautdifferenz,Mautdifferenz,true,STAT=10 | TARIF=122.02 | FR=0.05 | SNK_DL=4.73 | SNK_DIFF=0.01 | MAUT=-2.96 | TZ=0.01 | VKG_DL=85 | SERV=DA01 | SACH=612110,10,122.02,0.05,0.01,37170,Chambray les Tours,1,,,,4.73,0.01,4.72,-2.96,,DA01,612110,,,
Soll-Ist-Vergleich best. Beleg,50,dachser,correct,Mautdifferenz,Mautdifferenz,Mautdifferenz,true,STAT=10 | TARIF=172.25 | FR=0.02 | SNK_DL=6.41 | MAUT=-7.19 | TZ=0.01 | VKG_DL=217 | SERV=DA01 | SACH=612110,10,172.25,0.02,0.01,77090,Collégien,1,,,,6.41,,6.41,-7.19,,DA01,612110,,,
Soll-Ist-Vergleich best. Beleg,51,dachser,correct,Produktzuschlag,Produktzuschlag,Produktzuschlag,true,STAT=10 | EXP=20 | EXP_DL=20 | VKG_DL=39 | SERV=DA02 | SACH=612100,10,,,,55218,Ingelheim am Rhein,1,,20,20,,,,,,DA02,612100,,,
Soll-Ist-Vergleich best. Beleg,52,dachser,correct,,,,true,STAT=30 | TARIF=64.51 | FR=0.03 | EXP_DL=10 | VKG_DL=123 | SERV=DA05 | SACH=612100,30,64.51,0.03,,78234,Engen,1,,,10,,,,,,DA05,612100,,,
Soll-Ist-Vergleich best. Beleg,53,dachser,correct,2. Zustellung,2. Zustellung,2. Zustellung,true,STAT=10 | ZZ=35 | VKG_DL=30 | SERV=DA01 | SACH=612100,10,,,,82362,Weilheim,1,,,,,,,,,DA01,612100,35,,
Soll-Ist-Vergleich best. Beleg,54,dachser,correct,2. Zustellung,2. Zustellung,2. Zustellung,true,STAT=10 | ZZ=35 | VKG_DL=30 | SERV=DA01 | SACH=612110,10,,,,18182,Rövershagen,1,,,,,,,,,DA01,612110,35,,
Soll-Ist-Vergleich best. Beleg,55,dachser,correct,,,,true,STAT=30 | TARIF=75.66 | VKG_DL=162 | SERV=DA01 | SACH=612100,30,75.66,,,66482,Zweibrücken,1,,,,,,,,,DA01,612100,,,
Soll-Ist-Vergleich best. Beleg,56,dachser,correct,,,,true,STAT=30 | TARIF=38.08 | FR=0.05 | TZ=0.01 | VKG_DL=63 | SERV=DA01 | SACH=612100,30,38.08,0.05,0.01,73329,Kuchen,1,,,,,,,,,DA01,612100,,,
Soll-Ist-Vergleich best. Beleg,57,dachser,correct,,,,true,STAT=30 | TARIF=56.31 | VKG_DL=51 | SERV=DA01 | SACH=612100,30,56.31,,,06766,Bitterfeld-Wolfen,2,,,,,,,,,DA01,612100,,,
Soll-Ist-Vergleich best. Beleg,58,dachser,correct,Mautdifferenz,Mautdifferenz,Mautdifferenz,true,STAT=10 | TARIF=43.3 | FR=-0.02 | MAUT=-0.33 | VKG_DL=38 | SERV=DA01 | SACH=612100,10,43.3,-0.02,,45468,Mülheim an der Ruhr,1,,,,,,,-0.33,,DA01,612100,,,
Soll-Ist-Vergleich best. Beleg,59,dachser,correct,,,,true,STAT=30 | TARIF=37.62 | VKG_DL=38 | SERV=DA01 | SACH=612100,30,37.62,,,80992,München,1,,,,,,,,,DA01,612100,,,
Soll-Ist-Vergleich best. Beleg,60,dachser,correct,,,,true,STAT=30 | TARIF=61.19 | FR=0.05 | TZ=0.01 | VKG_DL=94 | SERV=DA01 | SACH=612100,30,61.19,0.05,0.01,24783,Osterrönfeld,1,,,,,,,,,DA01,612100,,,
Soll-Ist-Vergleich best. Beleg,61,dachser,correct,Differenz Telefonische Zustellankündigung - Laderaumzuschlag,Differenz Telefonische Zustellankündigung - Laderaumzuschlag,Differenz Telefonische Zustellankündigung - Laderaumzuschlag,true,STAT=10 | TARIF=39.01 | FR=0.05 | SNK_DL=11 | SNK_DIFF=9.43 | TZ=0.01 | VKG_DL=30 | SERV=DA01 | SACH=612100,10,39.01,0.05,0.01,75172,Pforzheim,1,,,,11,9.43,1.57,,,DA01,612100,,,
Soll-Ist-Vergleich best. Beleg,62,dachser,correct,Mautdifferenz,Mautdifferenz,Mautdifferenz,true,STAT=10 | TARIF=60.61 | FR=0.05 | MAUT=0.58 | TZ=0.01 | VKG_DL=65 | SERV=DA01 | SACH=612100,10,60.61,0.05,0.01,17087,Altentreptow,1,,,,,,,0.58,,DA01,612100,,,
Soll-Ist-Vergleich best. Beleg,63,dachser,correct,,,,true,STAT=30 | TARIF=52.81 | FR=-0.04 | VKG_DL=66 | SERV=DA01 | SACH=612100,30,52.81,-0.04,,66440,Blieskastel,1,,,,,,,,,DA01,612100,,,
Soll-Ist-Vergleich best. Beleg,64,dachser,correct,,,,true,STAT=30 | TARIF=45.66 | FR=0.02 | TZ=0.01 | VKG_DL=40 | SERV=DA01 | SACH=612100,30,45.66,0.02,0.01,22047,Hamburg,1,,,,,,,,,DA01,612100,,,
Soll-Ist-Vergleich best. Beleg,65,dachser,correct,,,,true,STAT=30 | TARIF=135.79 | VKG_DL=431 | SERV=DA01 | SACH=612100,30,135.79,,,60486,Frankfurt,1,,,,,,,,,DA01,612100,,,
Soll-Ist-Vergleich best. Beleg,66,dachser,correct,,,,true,STAT=30 | TARIF=57.81 | FR=0.02 | TZ=0.01 | VKG_DL=52 | SERV=DA01 | SACH=612100,30,57.81,0.02,0.01,48324,Sendenhorst,1,,,,,,,,,DA01,612100,,,
Soll-Ist-Vergleich best. Beleg,67,dachser,correct,,,,true,STAT=30 | TARIF=60.61 | FR=0.05 | TZ=0.01 | VKG_DL=63 | SERV=DA01 | SACH=612110,30,60.61,0.05,0.01,19306,Neustadt-Glewe,1,,,,,,,,,DA01,612110,,,
Soll-Ist-Vergleich best. Beleg,68,dachser,correct,Mautdifferenz,Mautdifferenz,Mautdifferenz,true,STAT=10 | TARIF=43.91 | FR=-0.04 | MAUT=0.28 | TZ=-0.01 | VKG_DL=38 | SERV=DA01 | SACH=612100,10,43.91,-0.04,-0.01,49453,Rehden,1,,,,,,,0.28,,DA01,612100,,,
Soll-Ist-Vergleich best. Beleg,69,dachser,correct,,,,true,STAT=30 | TARIF=37.26 | FR=0.05 | TZ=0.01 | VKG_DL=38 | SERV=DA01 | SACH=612100,30,37.26,0.05,0.01,70736,Fellbach,1,,,,,,,,,DA01,612100,,,
Soll-Ist-Vergleich best. Beleg,70,dachser,correct,Mautdifferenz,Mautdifferenz,Mautdifferenz,true,STAT=10 | TARIF=56.54 | FR=-0.04 | MAUT=0.64 | TZ=-0.01 | VKG_DL=51 | SERV=DA01 | SACH=612100,10,56.54,-0.04,-0.01,04779,Wermsdorf,1,,,,,,,0.64,,DA01,612100,,,
Soll-Ist-Vergleich best. Beleg,71,dachser,correct,,,,true,STAT=30 | TARIF=49.96 | FR=-0.01 | VKG_DL=67 | SERV=DA01 | SACH=612100,30,49.96,-0.01,,79713,Bad Saeckingen,1,,,,,,,,,DA01,612100,,,
Soll-Ist-Vergleich best. Beleg,72,dachser,correct,2. Zustellung,2. Zustellung,2. Zustellung,true,STAT=10 | ZZ=35 | VKG_DL=50 | SERV=DA07 | SACH=612100,10,,,,73760,Ostfildern,1,,,,,,,,,DA07,612100,35,,
Soll-Ist-Vergleich best. Beleg,73,dachser,correct,Mautdifferenz,Mautdifferenz,Mautdifferenz,true,STAT=10 | TARIF=37.58 | FR=0.03 | MAUT=0.33 | TZ=0.01 | VKG_DL=42 | SERV=DA01 | SACH=612100,10,37.58,0.03,0.01,97424,Schweinfurt,1,,,,,,,0.33,,DA01,612100,,,
Soll-Ist-Vergleich best. Beleg,74,dachser,correct,,,,true,STAT=30 | TARIF=61.45 | FR=-0.02 | VKG_DL=115 | SERV=DA01 | SACH=612100,30,61.45,-0.02,,79112,Freiburg im Breisgau,1,,,,,,,,,DA01,612100,,,
Soll-Ist-Vergleich best. Beleg,75,dachser,correct,2. Zustellung,2. Zustellung,2. Zustellung,true,STAT=10 | ZZ=35 | VKG_DL=55 | SERV=DA01 | SACH=612100,10,,,,20095,Hamburg,1,,,,,,,,,DA01,612100,35,,
Soll-Ist-Vergleich best. Beleg,76,dachser,correct,,,,true,STAT=30 | TARIF=37.01 | FR=-0.03 | TZ=-0.01 | VKG_DL=30 | SERV=DA01 | SACH=612100,30,37.01,-0.03,-0.01,89584,Ehingen,1,,,,,,,,,DA01,612100,,,
Soll-Ist-Vergleich best. Beleg,77,dachser,correct,,,,true,STAT=30 | TARIF=39.76 | FR=-0.04 | TZ=-0.01 | VKG_DL=31 | SERV=DA01 | SACH=612100,30,39.76,-0.04,-0.01,60329,Frankfurt am Main,1,,,,,,,,,DA01,612100,,,
Soll-Ist-Vergleich best. Beleg,78,dachser,correct,,,,true,STAT=30 | TARIF=60.61 | FR=0.05 | TZ=0.01 | VKG_DL=78 | SERV=DA01 | SACH=612100,30,60.61,0.05,0.01,20097,Hamburg,1,,,,,,,,,DA01,612100,,,
Soll-Ist-Vergleich best. Beleg,79,dachser,correct,Mautdifferenz,Mautdifferenz,Mautdifferenz,true,STAT=10 | TARIF=37.62 | MAUT=0.33 | VKG_DL=38 | SERV=DA01 | SACH=612100,10,37.62,,,79331,Teningen,1,,,,,,,0.33,,DA01,612100,,,
Soll-Ist-Vergleich best. Beleg,80,dachser,correct,,,,true,STAT=30 | TARIF=45.41 | FR=0.02 | TZ=0.01 | VKG_DL=36 | SERV=DA01 | SACH=612100,30,45.41,0.02,0.01,14974,Ludwigsfelde OT Genshagen,1,,,,,,,,,DA01,612100,,,
Soll-Ist-Vergleich best. Beleg,81,dachser,correct,Mautdifferenz,Mautdifferenz,Mautdifferenz,true,STAT=10 | TARIF=42.97 | FR=-0.02 | MAUT=0.33 | VKG_DL=30 | SERV=DA01 | SACH=612100,10,42.97,-0.02,,44143,Dortmund,1,,,,,,,0.33,,DA01,612100,,,
Soll-Ist-Vergleich best. Beleg,82,dachser,correct,Differenz Telefonische Zustellterminvereinbarung - Laderaumzuschlag // Mautdifferenz,Differenz Telefonische Zustellterminvereinbarung - Laderaumzuschlag // Mautdifferenz,Differenz Telefonische Zustellterminvereinbarung - Laderaumzuschlag // Mautdifferenz,true,STAT=10 | TARIF=55.57 | FR=-0.04 | SNK_DL=9 | SNK_DIFF=6.83 | MAUT=-0.59 | VKG_DL=83 | SERV=DA01 | SACH=612100,10,55.57,-0.04,,94469,"Deggendorf, GKSt",1,,,,9,6.83,2.17,-0.59,,DA01,612100,,,
Soll-Ist-Vergleich best. Beleg,83,dachser,correct,Gefahrgut-Zuschlag,Gefahrgut-Zuschlag,Gefahrgut-Zuschlag,true,STAT=10 | TARIF=75.66 | DGR=19 | VKG_DL=176 | SERV=DA01 | SACH=612100,10,75.66,,,84307,Eggenfelden,1,,,,,,,,19,DA01,612100,,,
Soll-Ist-Vergleich best. Beleg,84,dachser,correct,,,,true,STAT=30 | TARIF=39.76 | FR=-0.04 | TZ=-0.01 | VKG_DL=35 | SERV=DA01 | SACH=612110,30,39.76,-0.04,-0.01,83737,Irschenberg,1,,,,,,,,,DA01,612110,,,
Soll-Ist-Vergleich best. Beleg,85,dachser,correct,,,,true,STAT=30 | TARIF=66.35 | FR=-0.02 | TZ=-0.01 | VKG_DL=101 | SERV=DA01 | SACH=612100,30,66.35,-0.02,-0.01,83404,Ainring,1,,,,,,,,,DA01,612100,,,
Soll-Ist-Vergleich best. Beleg,86,dachser,correct,Mautdifferenz,Mautdifferenz,Mautdifferenz,true,STAT=10 | TARIF=77.6 | FR=0.01 | MAUT=1.81 | VKG_DL=266 | SERV=DA01 | SACH=612100,10,77.6,0.01,,72070,Tübingen,1,,,,,,,1.81,,DA01,612100,,,
Soll-Ist-Vergleich best. Beleg,87,dachser,correct,,,,true,STAT=30 | TARIF=69.12 | VKG_DL=174 | SERV=DA01 | SACH=612100,30,69.12,,,67433,Neustadt,1,,,,,,,,,DA01,612100,,,
Soll-Ist-Vergleich best. Beleg,88,dachser,correct,Mautdifferenz,Mautdifferenz,Mautdifferenz,true,STAT=10 | TARIF=60.52 | FR=-0.02 | MAUT=0.93 | VKG_DL=131 | SERV=DA01 | SACH=612100,10,60.52,-0.02,,67065,Ludwigshafen,1,,,,,,,0.93,,DA01,612100,,,
Soll-Ist-Vergleich best. Beleg,89,dachser,correct,,,,true,STAT=30 | TARIF=65.33 | FR=-0.02 | TZ=-0.01 | VKG_DL=113 | SERV=DA01 | SACH=612100,30,65.33,-0.02,-0.01,66606,St. Wendel,1,,,,,,,,,DA01,612100,,,
Soll-Ist-Vergleich best. Beleg,90,dachser,correct,Mautdifferenz,Mautdifferenz,Mautdifferenz,true,STAT=10 | TARIF=57.18 | FR=-0.04 | MAUT=-0.64 | TZ=-0.01 | VKG_DL=68 | SERV=DA01 | SACH=612100,10,57.18,-0.04,-0.01,45141,Essen,1,,,,,,,-0.64,,DA01,612100,,,
Soll-Ist-Vergleich best. Beleg,91,dachser,correct,,,,true,STAT=30 | TARIF=43.3 | FR=-0.02 | VKG_DL=30 | SERV=DA01 | SACH=612100,30,43.3,-0.02,,33609,Bielefeld,1,,,,,,,,,DA01,612100,,,
Soll-Ist-Vergleich best. Beleg,92,dachser,correct,,,,true,STAT=30 | TARIF=58.39 | FR=0.02 | TZ=0.01 | VKG_DL=78 | SERV=DA01 | SACH=612100,30,58.39,0.02,0.01,28217,Bremen,1,,,,,,,,,DA01,612100,,,
Soll-Ist-Vergleich best. Beleg,93,dachser,correct,,,,true,STAT=30 | TARIF=45.66 | FR=0.02 | TZ=0.01 | VKG_DL=40 | SERV=DA01 | SACH=612100,30,45.66,0.02,0.01,19288,Ludwigslust,1,,,,,,,,,DA01,612100,,,
Soll-Ist-Vergleich best. Beleg,94,dachser,correct,,,,true,STAT=30 | TARIF=98.48 | FR=-0.04 | TZ=-0.01 | VKG_DL=209 | SERV=DA01 | SACH=612100,30,98.48,-0.04,-0.01,10715,Berlin,1,,,,,,,,,DA01,612100,,,
Soll-Ist-Vergleich best. Beleg,95,dachser,correct,2. Zustellung,2. Zustellung,2. Zustellung,true,STAT=10 | ZZ=60 | VKG_DL=133 | SERV=DA04 | SACH=612100,10,,,,47877,Willich,1,,,,,,,,,DA04,612100,60,,
Soll-Ist-Vergleich best. Beleg,96,dachser,correct,2. Zustellung,2. Zustellung,2. Zustellung,true,STAT=10 | ZZ=35 | VKG_DL=50 | SERV=DA01 | SACH=612100,10,,,,67056,Ludwigshafen,1,,,,,,,,,DA01,612100,35,,
Soll-Ist-Vergleich best. Beleg,97,dachser,correct,,,,true,STAT=30 | TARIF=37.62 | VKG_DL=35 | SERV=DA01 | SACH=612100,30,37.62,,,81477,München,1,,,,,,,,,DA01,612100,,,
Soll-Ist-Vergleich best. Beleg,98,dachser,correct,Mautdifferenz,Mautdifferenz,Mautdifferenz,true,STAT=10 | TARIF=43.3 | FR=-0.02 | MAUT=-0.33 | VKG_DL=41 | SERV=DA01 | SACH=612100,10,43.3,-0.02,,41836,Hückelhoven,1,,,,,,,-0.33,,DA01,612100,,,
Soll-Ist-Vergleich best. Beleg,99,dachser,correct,,,,true,STAT=30 | TARIF=102.08 | FR=-0.04 | TZ=-0.01 | VKG_DL=225 | SERV=DA01 | SACH=612100,30,102.08,-0.04,-0.01,24398,Brodersby OT Schönhagen,1,,,,,,,,,DA01,612100,,,
Soll-Ist-Vergleich best. Beleg,100,dachser,correct,,,,true,STAT=30 | TARIF=52.97 | FR=-0.02 | EXP_DL=10 | VKG_DL=40 | SERV=DA05 | SACH=612100,30,52.97,-0.02,,52477,Alsdorf,1,,,10,,,,,,DA05,612100,,,
Soll-Ist-Vergleich best. Beleg,101,dachser,correct,Differenz Telefonische Zustellterminvereinbarung - Laderaumzuschlag,Differenz Telefonische Zustellterminvereinbarung - Laderaumzuschlag,Differenz Telefonische Zustellterminvereinbarung - Laderaumzuschlag,true,STAT=10 | TARIF=44.74 | FR=-0.02 | SNK_DL=9 | SNK_DIFF=7.23 | VKG_DL=30 | SERV=DA01 | SACH=612100,10,44.74,-0.02,,41466,Neuss,1,,,,9,7.23,1.77,,,DA01,612100,,,
Soll-Ist-Vergleich best. Beleg,102,dachser,correct,Differenz Telefonische Zustellterminvereinbarung - Laderaumzuschlag,Differenz Telefonische Zustellterminvereinbarung - Laderaumzuschlag,Differenz Telefonische Zustellterminvereinbarung - Laderaumzuschlag,true,STAT=10 | TARIF=45.07 | FR=-0.02 | SNK_DL=9 | SNK_DIFF=7.23 | VKG_DL=30 | SERV=DA01 | SACH=612100,10,45.07,-0.02,,46147,Oberhausen,1,,,,9,7.23,1.77,,,DA01,612100,,,
Soll-Ist-Vergleich best. Beleg,103,dachser,correct,,,,true,STAT=30 | TARIF=43.91 | FR=-0.04 | TZ=-0.01 | VKG_DL=41 | SERV=DA01 | SACH=612100,30,43.91,-0.04,-0.01,49124,Georgsmarienhütte,1,,,,,,,,,DA01,612100,,,
Soll-Ist-Vergleich best. Beleg,104,dachser,correct,Differenz Telefonische Zustellterminvereinbarung - Laderaumzuschlag,Differenz Telefonische Zustellterminvereinbarung - Laderaumzuschlag,Differenz Telefonische Zustellterminvereinbarung - Laderaumzuschlag,true,STAT=10 | TARIF=62.38 | FR=0.05 | SNK_DL=9 | SNK_DIFF=6.62 | TZ=0.01 | VKG_DL=87 | SERV=DA01 | SACH=612100,10,62.38,0.05,0.01,14169,Berlin,1,,,,9,6.62,2.38,,,DA01,612100,,,
Soll-Ist-Vergleich best. Beleg,105,dachser,correct,,,,true,STAT=30 | TARIF=72.37 | FR=-0.01 | EXP_DL=30 | VKG_DL=50 | SERV=DA07 | SACH=612100,30,72.37,-0.01,,51103,Köln,1,,,30,,,,,,DA07,612100,,,
Soll-Ist-Vergleich best. Beleg,106,dachser,correct,Differenz Telefonische Zustellterminvereinbarung - Laderaumzuschlag,Differenz Telefonische Zustellterminvereinbarung - Laderaumzuschlag,Differenz Telefonische Zustellterminvereinbarung - Laderaumzuschlag,true,STAT=10 | TARIF=41.42 | FR=-0.04 | SNK_DL=9 | SNK_DIFF=7.34 | TZ=-0.01 | VKG_DL=30 | SERV=DA01 | SACH=612100,10,41.42,-0.04,-0.01,60598,Frankfurt am Main,1,,,,9,7.34,1.66,,,DA01,612100,,,
Soll-Ist-Vergleich best. Beleg,107,dachser,correct,,,,true,STAT=30 | TARIF=52.81 | FR=-0.04 | VKG_DL=72 | SERV=DA01 | SACH=612100,30,52.81,-0.04,,96052,Bamberg,1,,,,,,,,,DA01,612100,,,
Soll-Ist-Vergleich best. Beleg,108,dachser,correct,,,,true,STAT=30 | TARIF=57.81 | FR=0.02 | TZ=0.01 | VKG_DL=60 | REF3=ZW | SERV=DA01 | SACH=612100,30,57.81,0.02,0.01,48161,Münster,1,,,,,,,,,DA01,612100,,ZW,
Soll-Ist-Vergleich best. Beleg,109,dachser,correct,,,,true,STAT=30 | TARIF=83.4 | FR=-0.04 | EXP_DL=30 | VKG_DL=59 | SERV=DA07 | SACH=612100,30,83.4,-0.04,,56154,Boppard,1,,,30,,,,,,DA07,612100,,,
Soll-Ist-Vergleich best. Beleg,110,dachser,correct,,,,true,STAT=30 | TARIF=39.76 | FR=-0.04 | TZ=-0.01 | VKG_DL=40 | SERV=DA01 | SACH=612110,30,39.76,-0.04,-0.01,66606,Sankt Wendel,1,,,,,,,,,DA01,612110,,,
Soll-Ist-Vergleich best. Beleg,111,dachser,correct,Differenz Telefonische Zustellterminvereinbarung - Laderaumzuschlag,Differenz Telefonische Zustellterminvereinbarung - Laderaumzuschlag,Differenz Telefonische Zustellterminvereinbarung - Laderaumzuschlag,true,STAT=10 | TARIF=47.51 | FR=0.02 | SNK_DL=9 | SNK_DIFF=7.15 | TZ=0.01 | VKG_DL=39 | SERV=DA01 | SACH=612100,10,47.51,0.02,0.01,22525,Hamburg,1,,,,9,7.15,1.85,,,DA01,612100,,,
Soll-Ist-Vergleich best. Beleg,112,dachser,correct,,,,true,STAT=30 | TARIF=52.81 | FR=-0.04 | VKG_DL=64 | SERV=DA01 | SACH=612100,30,52.81,-0.04,,96231,Bad Staffelstein,1,,,,,,,,,DA01,612100,,,
Soll-Ist-Vergleich best. Beleg,113,dachser,correct,Differenz Telefonische Zustellterminvereinbarung - Laderaumzuschlag,Differenz Telefonische Zustellterminvereinbarung - Laderaumzuschlag,Differenz Telefonische Zustellterminvereinbarung - Laderaumzuschlag,true,STAT=10 | TARIF=38.83 | FR=0.05 | SNK_DL=9 | SNK_DIFF=7.43 | TZ=0.01 | VKG_DL=30 | SERV=DA01 | SACH=612100,10,38.83,0.05,0.01,70173,Stuttgart,1,,,,9,7.43,1.57,,,DA01,612100,,,
Soll-Ist-Vergleich best. Beleg,114,dachser,correct,Differenz Telefonische Zustellterminvereinbarung - Laderaumzuschlag,Differenz Telefonische Zustellterminvereinbarung - Laderaumzuschlag,Differenz Telefonische Zustellterminvereinbarung - Laderaumzuschlag,true,STAT=10 | TARIF=39.01 | FR=0.05 | SNK_DL=9 | SNK_DIFF=7.43 | TZ=0.01 | VKG_DL=38 | SERV=DA01 | SACH=612100,10,39.01,0.05,0.01,75339,Höfen,1,,,,9,7.43,1.57,,,DA01,612100,,,
Soll-Ist-Vergleich best. Beleg,115,dachser,correct,,,,true,STAT=30 | TARIF=43.3 | FR=-0.02 | VKG_DL=41 | SERV=DA01 | SACH=612100,30,43.3,-0.02,,46397,Bocholt,1,,,,,,,,,DA01,612100,,,
Soll-Ist-Vergleich best. Beleg,116,dachser,correct,Mautdifferenz,Mautdifferenz,Mautdifferenz,true,STAT=10 | TARIF=117.95 | FR=0.05 | EXP_DL=30 | MAUT=-1.37 | TZ=0.01 | VKG_DL=164 | SERV=DA07 | SACH=612100,10,117.95,0.05,0.01,21218,Seevetal-Hittfeld,1,,,30,,,,-1.37,,DA07,612100,,,
Soll-Ist-Vergleich best. Beleg,117,dachser,correct,,,,true,STAT=30 | TARIF=38.08 | FR=0.05 | TZ=0.01 | VKG_DL=63 | SERV=DA01 | SACH=612100,30,38.08,0.05,0.01,73269,Hochdorf,1,,,,,,,,,DA01,612100,,,
Soll-Ist-Vergleich best. Beleg,118,dachser,correct,,,,true,STAT=30 | TARIF=67.81 | FR=0.02 | EXP_DL=10 | TZ=0.01 | VKG_DL=76 | SERV=DA02 | SACH=612100,30,67.81,0.02,0.01,48282,Emsdetten,1,,,10,,,,,,DA02,612100,,,
Soll-Ist-Vergleich best. Beleg,119,dachser,correct,,,,true,STAT=30 | TARIF=57.81 | FR=0.02 | TZ=0.01 | VKG_DL=53 | SERV=DA01 | SACH=612100,30,57.81,0.02,0.01,39116,Magdeburg,1,,,,,,,,,DA01,612100,,,
Soll-Ist-Vergleich best. Beleg,120,dachser,correct,,,,true,STAT=30 | TARIF=42.37 | FR=-0.01 | VKG_DL=40 | SERV=DA01 | SACH=612100,30,42.37,-0.01,,34117,Kassel,1,,,,,,,,,DA01,612100,,,
Soll-Ist-Vergleich best. Beleg,121,dachser,correct,,,,true,STAT=30 | TARIF=44.19 | FR=-0.04 | TZ=-0.01 | VKG_DL=40 | SERV=DA01 | SACH=612100,30,44.19,-0.04,-0.01,29699,Walsrode,1,,,,,,,,,DA01,612100,,,
Soll-Ist-Vergleich best. Beleg,122,dachser,correct,,,,true,STAT=30 | TARIF=45.66 | FR=0.02 | TZ=0.01 | VKG_DL=40 | SERV=DA01 | SACH=612100,30,45.66,0.02,0.01,22335,Hamburg,1,,,,,,,,,DA01,612100,,,
Soll-Ist-Vergleich best. Beleg,123,dachser,correct,,,,true,STAT=30 | TARIF=45.66 | FR=0.02 | TZ=0.01 | VKG_DL=40 | SERV=DA01 | SACH=612100,30,45.66,0.02,0.01,20354,Hamburg,1,,,,,,,,,DA01,612100,,,
Soll-Ist-Vergleich best. Beleg,124,dachser,correct,Differenz Automatische Zustellterminvereinbarung - Laderaumzuschlag // Produktzuschlag,Differenz Automatische Zustellterminvereinbarung - Laderaumzuschlag // Produktzuschlag,Differenz Automatische Zustellterminvereinbarung - Laderaumzuschlag // Produktzuschlag,true,STAT=10 | TARIF=56.51 | FR=-0.02 | SNK_DL=5 | SNK_DIFF=2.74 | EXP=10 | EXP_DL=10 | VKG_DL=127,10,56.51,-0.02,,88499,RIEDLINGEN,1,,10,10,5,2.74,2.26,,,,,,,
Soll-Ist-Vergleich best. Beleg,125,dachser,correct,Mautdifferenz // Differenz aufgrund abweichender Zwischenempfänger 03149 Forst,Mautdifferenz // Differenz aufgrund abweichender Zwischenempfänger 03149 Forst,Mautdifferenz // Differenz aufgrund abweichender Zwischenempfänger 03188 Kyiv,false,STAT=10 | TARIF=529.06 | FR=-414.1 | MAUT=1.65 | TZ=-72.47 | VKG_DL=39 | REF3=ZW | SERV=DA01 | SACH=612100,10,529.06,-414.1,-72.47,03188,Kyiv,1,,,,,,,1.65,,DA01,612100,,ZW,
Soll-Ist-Vergleich best. Beleg,126,dachser,correct,,,,true,STAT=30 | TARIF=57.18 | FR=-0.04 | TZ=-0.01 | VKG_DL=65 | SERV=DA01 | SACH=612100,30,57.18,-0.04,-0.01,44628,Herne,1,,,,,,,,,DA01,612100,,,
Soll-Ist-Vergleich best. Beleg,127,dachser,correct,,,,true,STAT=30 | TARIF=54.25 | FR=-0.02 | VKG_DL=120 | SERV=DA01 | SACH=612100,30,54.25,-0.02,,88348,Bad Saulgau,1,,,,,,,,,DA01,612100,,,
Soll-Ist-Vergleich best. Beleg,128,dachser,correct,,,,true,STAT=30 | TARIF=45.41 | FR=0.02 | TZ=0.01 | VKG_DL=45 | SERV=DA01 | SACH=612100,30,45.41,0.02,0.01,27243,Harpstedt,1,,,,,,,,,DA01,612100,,,
Soll-Ist-Vergleich best. Beleg,129,dachser,correct,,,,true,STAT=30 | TARIF=104.45 | FR=0.01 | EXP_DL=30 | VKG_DL=124 | SERV=DA07 | SACH=612100,30,104.45,0.01,,14480,Potsdam,1,,,30,,,,,,DA07,612100,,,
Soll-Ist-Vergleich best. Beleg,130,dachser,correct,,,,true,STAT=30 | TARIF=103.1 | FR=-0.04 | EXP_DL=30 | TZ=-0.01 | VKG_DL=108 | SERV=DA07 | SACH=612100,30,103.1,-0.04,-0.01,12619,Berlin,1,,,30,,,,,,DA07,612100,,,
Soll-Ist-Vergleich best. Beleg,131,dachser,correct,,,,true,STAT=30 | TARIF=108.97 | FR=-0.02 | VKG_DL=369 | SERV=DA01 | SACH=612100,30,108.97,-0.02,,80802,München,1,,,,,,,,,DA01,612100,,,
Soll-Ist-Vergleich best. Beleg,132,dachser,correct,Mautdifferenz,Mautdifferenz,Mautdifferenz,true,STAT=10 | TARIF=47.88 | FR=0.03 | MAUT=0.62 | TZ=0.01 | VKG_DL=77 | SERV=DA01 | SACH=612100,10,47.88,0.03,0.01,90411,Nürnberg,1,,,,,,,0.62,,DA01,612100,,,
Soll-Ist-Vergleich best. Beleg,133,dachser,correct,,,,true,STAT=30 | TARIF=49.34 | FR=-0.01 | VKG_DL=77 | SERV=DA01 | SACH=612100,30,49.34,-0.01,,85051,Ingolstadt,1,,,,,,,,,DA01,612100,,,
Soll-Ist-Vergleich best. Beleg,134,dachser,correct,,,,true,STAT=30 | TARIF=49.34 | FR=-0.01 | VKG_DL=77 | SERV=DA01 | SACH=612100,30,49.34,-0.01,,82194,Gröbenzell,1,,,,,,,,,DA01,612100,,,
Soll-Ist-Vergleich best. Beleg,135,dachser,correct,,,,true,STAT=30 | TARIF=49.96 | FR=-0.01 | VKG_DL=78 | SERV=DA01 | SACH=612100,30,49.96,-0.01,,65195,Wiesbaden,1,,,,,,,,,DA01,612100,,,
Soll-Ist-Vergleich best. Beleg,136,dachser,correct,,,,true,STAT=30 | TARIF=56.54 | FR=-0.04 | TZ=-0.01 | VKG_DL=77 | SERV=DA01 | SACH=612100,30,56.54,-0.04,-0.01,53937,Schleiden,1,,,,,,,,,DA01,612100,,,
Soll-Ist-Vergleich best. Beleg,137,dachser,correct,Mautdifferenz // hätte gebündelt werden können?,Mautdifferenz // hätte gebündelt werden können?,Mautdifferenz // hätte gebündelt werden können?,true,STAT=10 | TARIF=81.19 | FR=27.92 | MAUT=-1.02 | TZ=4.89 | VKG_DL=163 | SERV=DA01 | SACH=612100,10,81.19,27.92,4.89,53894,Mechernich,2,,,,,,,-1.02,,DA01,612100,,,
Soll-Ist-Vergleich best. Beleg,138,dachser,correct,Mautdifferenz,Mautdifferenz,Mautdifferenz,true,STAT=10 | TARIF=56.54 | FR=-0.04 | MAUT=-0.55 | TZ=-0.01 | VKG_DL=77 | SERV=DA01 | SACH=612100,10,56.54,-0.04,-0.01,53227,Bonn,1,,,,,,,-0.55,,DA01,612100,,,
Soll-Ist-Vergleich best. Beleg,139,dachser,correct,,,,true,STAT=30 | TARIF=56.54 | FR=-0.04 | TZ=-0.01 | VKG_DL=86 | SERV=DA01 | SACH=612100,30,56.54,-0.04,-0.01,53225,Bonn,1,,,,,,,,,DA01,612100,,,
Soll-Ist-Vergleich best. Beleg,140,dachser,correct,Mautdifferenz,Mautdifferenz,Mautdifferenz,true,STAT=10 | TARIF=57.18 | FR=-0.04 | MAUT=-0.64 | TZ=-0.01 | VKG_DL=77 | SERV=DA01 | SACH=612100,10,57.18,-0.04,-0.01,41836,Hückelhoven,1,,,,,,,-0.64,,DA01,612100,,,
Soll-Ist-Vergleich best. Beleg,141,dachser,correct,,,,true,STAT=30 | TARIF=57.18 | FR=-0.04 | TZ=-0.01 | VKG_DL=86 | SERV=DA01 | SACH=612100,30,57.18,-0.04,-0.01,32257,Bünde,1,,,,,,,,,DA01,612100,,,
Soll-Ist-Vergleich best. Beleg,142,dachser,correct,,,,true,STAT=30 | TARIF=74.45 | FR=0.01 | VKG_DL=106 | SERV=DA01 | SACH=612100,30,74.45,0.01,,10179,Berlin,1,,,,,,,,,DA01,612100,,,
Soll-Ist-Vergleich best. Beleg,143,dachser,correct,,,,true,STAT=30 | TARIF=45.66 | FR=0.02 | TZ=0.01 | VKG_DL=50 | SERV=DA01 | SACH=612100,30,45.66,0.02,0.01,22419,Hamburg,1,,,,,,,,,DA01,612100,,,
Soll-Ist-Vergleich best. Beleg,144,dachser,correct,Mautdifferenz,Mautdifferenz,Mautdifferenz,true,STAT=10 | TARIF=67.26 | FR=0.05 | EXP_DL=30 | MAUT=0.18 | TZ=0.01 | VKG_DL=38 | SERV=DA07 | SACH=612100,10,67.26,0.05,0.01,74599,Wallhausen,1,,,30,,,,0.18,,DA07,612100,,,
Soll-Ist-Vergleich best. Beleg,145,dachser,correct,,,,true,STAT=30 | TARIF=67.26 | FR=0.05 | EXP_DL=30 | TZ=0.01 | VKG_DL=38 | SERV=DA07 | SACH=612100,30,67.26,0.05,0.01,70174,Stuttgart,1,,,30,,,,,,DA07,612100,,,
Soll-Ist-Vergleich best. Beleg,146,dachser,correct,,,,true,STAT=30 | TARIF=83.4 | FR=-0.04 | EXP_DL=30 | VKG_DL=51 | SERV=DA07 | SACH=612100,30,83.4,-0.04,,95119,Naila,1,,,30,,,,,,DA07,612100,,,
Soll-Ist-Vergleich best. Beleg,147,dachser,correct,,,,true,STAT=30 | TARIF=49.34 | FR=-0.01 | VKG_DL=51 | SERV=DA01 | SACH=612100,30,49.34,-0.01,,81379,München,1,,,,,,,,,DA01,612100,,,
Soll-Ist-Vergleich best. Beleg,148,dachser,correct,,,,true,STAT=30 | TARIF=58.39 | FR=0.02 | TZ=0.01 | VKG_DL=86 | SERV=DA01 | SACH=612100,30,58.39,0.02,0.01,15366,Neuenhagen bei Berlin,1,,,,,,,,,DA01,612100,,,
Soll-Ist-Vergleich best. Beleg,149,dachser,correct,,,,true,STAT=30 | TARIF=86.54 | FR=-0.04 | EXP_DL=30 | TZ=-0.01 | VKG_DL=93 | SERV=DA07 | SACH=612100,30,86.54,-0.04,-0.01,04356,Leipzig,1,,,30,,,,,,DA07,612100,,,
Soll-Ist-Vergleich best. Beleg,150,dachser,correct,,,,true,STAT=30 | TARIF=43.3 | FR=-0.02 | VKG_DL=38 | SERV=DA01 | SACH=612100,30,43.3,-0.02,,38302,Wolfenbüttel,1,,,,,,,,,DA01,612100,,,
Soll-Ist-Vergleich best. Beleg,151,dachser,correct,,,,true,STAT=30 | TARIF=43.3 | FR=-0.02 | VKG_DL=45 | SERV=DA01 | SACH=612100,30,43.3,-0.02,,32549,Bad Oeynhausen,1,,,,,,,,,DA01,612100,,,
Soll-Ist-Vergleich best. Beleg,152,dachser,correct,,,,true,STAT=30 | TARIF=43.91 | FR=-0.04 | TZ=-0.01 | VKG_DL=30 | SERV=DA01 | SACH=612100,30,43.91,-0.04,-0.01,39116,Magdeburg,1,,,,,,,,,DA01,612100,,,
Soll-Ist-Vergleich best. Beleg,153,dachser,correct,,,,true,STAT=30 | TARIF=88.34 | FR=0.03 | EXP_DL=30 | TZ=0.01 | VKG_DL=117 | SERV=DA04 | SACH=612100,30,88.34,0.03,0.01,86983,Lechbruck am See,1,,,30,,,,,,DA04,612100,,,
Soll-Ist-Vergleich best. Beleg,154,dachser,correct,,,,true,STAT=30 | TARIF=104.45 | FR=0.01 | EXP_DL=30 | VKG_DL=107 | SERV=DA07 | SACH=612100,30,104.45,0.01,,10117,Berlin,1,,,30,,,,,,DA07,612100,,,
Soll-Ist-Vergleich best. Beleg,155,dachser,correct,,,,true,STAT=30 | TARIF=100.89 | EXP_DL=30 | VKG_DL=108 | SERV=DA07 | SACH=612100,30,100.89,,,01067,Dresden,1,,,30,,,,,,DA07,612100,,,
Soll-Ist-Vergleich best. Beleg,156,dachser,correct,,,,true,STAT=30 | TARIF=44.19 | FR=-0.04 | TZ=-0.01 | VKG_DL=41 | SERV=DA01 | SACH=612100,30,44.19,-0.04,-0.01,13125,Berlin,1,,,,,,,,,DA01,612100,,,
Soll-Ist-Vergleich best. Beleg,157,dachser,correct,Mautdifferenz,Mautdifferenz,Mautdifferenz,true,STAT=10 | TARIF=82.19 | FR=-0.04 | EXP_DL=30 | MAUT=0.62 | VKG_DL=52 | SERV=DA04 | SACH=612100,10,82.19,-0.04,,83646,Bad Tölz,1,,,30,,,,0.62,,DA04,612100,,,
Soll-Ist-Vergleich best. Beleg,158,dachser,correct,,,,true,STAT=30 | TARIF=102.11 | FR=-0.04 | EXP_DL=30 | TZ=-0.01 | VKG_DL=137 | SERV=DA07 | SACH=612100,30,102.11,-0.04,-0.01,39122,Magdeburg,1,,,30,,,,,,DA07,612100,,,
Soll-Ist-Vergleich best. Beleg,159,dachser,correct,Differenz Telefonische Zustellankündigung - Laderaumzuschlag,Differenz Telefonische Zustellankündigung - Laderaumzuschlag,Differenz Telefonische Zustellankündigung - Laderaumzuschlag,true,STAT=10 | TARIF=67.92 | SNK_DL=11 | SNK_DIFF=8.75 | EXP_DL=10 | VKG_DL=62 | SERV=DA05 | SACH=612100,10,67.92,,,51519,Odenthal,1,,,10,11,8.75,2.25,,,DA05,612100,,,
Soll-Ist-Vergleich best. Beleg,160,dachser,correct,,,,true,STAT=30 | TARIF=52.81 | FR=-0.04 | VKG_DL=65 | SERV=DA01 | SACH=612100,30,52.81,-0.04,,60549,Frankfurt,1,,,,,,,,,DA01,612100,,,
Soll-Ist-Vergleich best. Beleg,161,dachser,correct,,,,true,STAT=30 | TARIF=103.1 | FR=-0.04 | EXP_DL=30 | TZ=-0.01 | VKG_DL=108 | SERV=DA07 | SACH=612100,30,103.1,-0.04,-0.01,13187,Berlin,1,,,30,,,,,,DA07,612100,,,
Soll-Ist-Vergleich best. Beleg,162,dachser,correct,,,,true,STAT=30 | TARIF=72.97 | FR=-0.02 | EXP_DL=30 | VKG_DL=44 | SERV=DA07 | SACH=612100,30,72.97,-0.02,,59939,Olsberg,1,,,30,,,,,,DA07,612100,,,
Soll-Ist-Vergleich best. Beleg,163,dachser,correct,,,,true,STAT=30 | TARIF=92.62 | FR=0.02 | EXP_DL=10 | TZ=0.01 | VKG_DL=184 | SERV=DA05 | SACH=612100,30,92.62,0.02,0.01,33824,Werther,1,,,10,,,,,,DA05,612100,,,
Soll-Ist-Vergleich best. Beleg,164,dachser,correct,Mautdifferenz,Mautdifferenz,Mautdifferenz,true,STAT=10 | TARIF=37.4 | FR=0.03 | MAUT=0.18 | TZ=0.01 | VKG_DL=30 | SERV=DA01 | SACH=612100,10,37.4,0.03,0.01,86609,Donauwörth,1,,,,,,,0.18,,DA01,612100,,,
Soll-Ist-Vergleich best. Beleg,165,dachser,correct,,,,true,STAT=30 | TARIF=107.03 | EXP_DL=30 | VKG_DL=168 | SERV=DA07 | SACH=612100,30,107.03,,,56589,Bürder,1,,,30,,,,,,DA07,612100,,,
Soll-Ist-Vergleich best. Beleg,166,dachser,correct,,,,true,STAT=30 | TARIF=87.18 | FR=-0.04 | EXP_DL=30 | TZ=-0.01 | VKG_DL=61 | SERV=DA07 | SACH=612100,30,87.18,-0.04,-0.01,45659,Recklinghausen,1,,,30,,,,,,DA07,612100,,,
Soll-Ist-Vergleich best. Beleg,167,dachser,correct,,,,true,STAT=30 | TARIF=87.18 | FR=-0.04 | EXP_DL=30 | TZ=-0.01 | VKG_DL=53 | SERV=DA07 | SACH=612100,30,87.18,-0.04,-0.01,01169,Dresden,1,,,30,,,,,,DA07,612100,,,
Soll-Ist-Vergleich best. Beleg,168,dachser,correct,Differenz Telefonische Zustellankündigung - Laderaumzuschlag // Mautdifferenz,Differenz Telefonische Zustellankündigung - Laderaumzuschlag // Mautdifferenz,Differenz Telefonische Zustellankündigung - Laderaumzuschlag // Mautdifferenz,true,STAT=10 | TARIF=48.83 | FR=0.05 | SNK_DL=11 | SNK_DIFF=9.43 | EXP_DL=10 | MAUT=0.18 | TZ=0.01 | VKG_DL=38 | SERV=DA02 | SACH=612100,10,48.83,0.05,0.01,72488,Sigmaringen,1,,,10,11,9.43,1.57,0.18,,DA02,612100,,,
Soll-Ist-Vergleich best. Beleg,169,dachser,correct,,,,true,STAT=30 | TARIF=42.37 | FR=-0.01 | VKG_DL=38 | SERV=DA01 | SACH=612100,30,42.37,-0.01,,50968,Köln,1,,,,,,,,,DA01,612100,,,
Soll-Ist-Vergleich best. Beleg,170,dachser,correct,,,,true,STAT=30 | TARIF=87.18 | FR=-0.04 | EXP_DL=30 | TZ=-0.01 | VKG_DL=71 | REF3=ZW | SERV=DA07 | SACH=612100,30,87.18,-0.04,-0.01,30659,Hannover,1,,,30,,,,,,DA07,612100,,ZW,
Soll-Ist-Vergleich best. Beleg,171,dachser,correct,Differenz Telefonische Zustellankündigung - Laderaumzuschlag,Differenz Telefonische Zustellankündigung - Laderaumzuschlag,Differenz Telefonische Zustellankündigung - Laderaumzuschlag,true,STAT=10 | TARIF=87.92 | SNK_DL=11 | SNK_DIFF=8.75 | EXP_DL=30 | VKG_DL=51 | SERV=DA07 | SACH=612100,10,87.92,,,50933,Köln,1,,,30,11,8.75,2.25,,,DA07,612100,,,
Soll-Ist-Vergleich best. Beleg,172,dachser,correct,,,,true,STAT=30 | TARIF=58.39 | FR=0.02 | TZ=0.01 | VKG_DL=53 | SERV=DA01 | SACH=612100,30,58.39,0.02,0.01,49835,Wietmarschen,1,,,,,,,,,DA01,612100,,,
Soll-Ist-Vergleich best. Beleg,173,dachser,correct,,,,true,STAT=30 | TARIF=116.13 | FR=-0.01 | EXP_DL=30 | VKG_DL=276 | SERV=DA07 | SACH=612100,30,116.13,-0.01,,76137,Karlsruhe,1,,,30,,,,,,DA07,612100,,,
Soll-Ist-Vergleich best. Beleg,174,dachser,correct,,,,true,STAT=30 | TARIF=90 | FR=0.05 | EXP_DL=30 | TZ=0.01 | VKG_DL=84 | SERV=DA07 | SACH=612100,30,90,0.05,0.01,10589,Berlin,1,,,30,,,,,,DA07,612100,,,
Soll-Ist-Vergleich best. Beleg,175,dachser,correct,Mautdifferenz,Mautdifferenz,Mautdifferenz,true,STAT=10 | TARIF=67.26 | FR=0.05 | EXP_DL=30 | MAUT=0.18 | TZ=0.01 | VKG_DL=38 | SERV=DA07 | SACH=612100,10,67.26,0.05,0.01,72108,Rottenburg,1,,,30,,,,0.18,,DA07,612100,,,
Soll-Ist-Vergleich best. Beleg,176,dachser,correct,,,,true,STAT=30 | TARIF=85.12 | EXP_DL=30 | VKG_DL=60 | SERV=DA07 | SACH=612100,30,85.12,,,99084,Erfurt,1,,,30,,,,,,DA07,612100,,,
Soll-Ist-Vergleich best. Beleg,177,dachser,correct,,,,true,STAT=30 | TARIF=39.76 | FR=-0.04 | TZ=-0.01 | VKG_DL=30 | SERV=DA01 | SACH=612100,30,39.76,-0.04,-0.01,95448,Bayreuth,1,,,,,,,,,DA01,612100,,,
Soll-Ist-Vergleich best. Beleg,178,dachser,correct,,,,true,STAT=30 | TARIF=53.4 | FR=-0.04 | VKG_DL=89 | SERV=DA01 | SACH=612100,30,53.4,-0.04,,94124,Büchlberg,1,,,,,,,,,DA01,612100,,,
Soll-Ist-Vergleich best. Beleg,179,dachser,correct,,,,true,STAT=30 | TARIF=49.96 | FR=-0.01 | VKG_DL=51 | SERV=DA01 | SACH=612100,30,49.96,-0.01,,92224,Amberg,1,,,,,,,,,DA01,612100,,,
Soll-Ist-Vergleich best. Beleg,180,dachser,correct,Differenz Telefonische Zustellterminvereinbarung - Laderaumzuschlag // Mautdifferenz,Differenz Telefonische Zustellterminvereinbarung - Laderaumzuschlag // Mautdifferenz,Differenz Telefonische Zustellterminvereinbarung - Laderaumzuschlag // Mautdifferenz,true,STAT=10 | TARIF=60.74 | FR=0.03 | SNK_DL=9 | SNK_DIFF=6.6 | MAUT=0.93 | TZ=0.01 | VKG_DL=108 | SERV=DA01 | SACH=612100,10,60.74,0.03,0.01,90491,Nürnberg,1,,,,9,6.6,2.4,0.93,,DA01,612100,,,
Soll-Ist-Vergleich best. Beleg,181,dachser,correct,Differenz Telefonische Zustellterminvereinbarung - Laderaumzuschlag,Differenz Telefonische Zustellterminvereinbarung - Laderaumzuschlag,Differenz Telefonische Zustellterminvereinbarung - Laderaumzuschlag,true,STAT=10 | TARIF=65.52 | FR=0.04 | SNK_DL=9 | SNK_DIFF=6.44 | TZ=0.01 | VKG_DL=170 | SERV=DA01 | SACH=612100,10,65.52,0.04,0.01,88605,Meßkirch,1,,,,9,6.44,2.56,,,DA01,612100,,,
Soll-Ist-Vergleich best. Beleg,182,dachser,correct,,,,true,STAT=30 | TARIF=37.62 | VKG_DL=42 | SERV=DA01 | SACH=612100,30,37.62,,,85235,Odelzhausen,1,,,,,,,,,DA01,612100,,,
Soll-Ist-Vergleich best. Beleg,183,dachser,correct,,,,true,STAT=30 | TARIF=38.08 | FR=0.05 | TZ=0.01 | VKG_DL=62 | SERV=DA01 | SACH=612100,30,38.08,0.05,0.01,73235,Kaltenwanghof/Weilheim,1,,,,,,,,,DA01,612100,,,
Soll-Ist-Vergleich best. Beleg,184,dachser,correct,,,,true,STAT=30 | TARIF=95.33 | FR=-0.02 | EXP_DL=30 | TZ=-0.01 | VKG_DL=135 | REF3=ZW | SERV=DA07 | SACH=612100,30,95.33,-0.02,-0.01,66111,Saarbrücken,1,,,30,,,,,,DA07,612100,,ZW,
Soll-Ist-Vergleich best. Beleg,185,dachser,correct,,,,true,STAT=30 | TARIF=105.66 | EXP_DL=30 | VKG_DL=191 | SERV=DA04 | SACH=612100,30,105.66,,,60313,Frankfurt am Main,1,,,30,,,,,,DA04,612100,,,
Soll-Ist-Vergleich best. Beleg,186,dachser,correct,,,,true,STAT=30 | TARIF=70.04 | FR=-0.04 | EXP_DL=30 | TZ=-0.01 | VKG_DL=38 | SERV=DA07 | SACH=612100,30,70.04,-0.04,-0.01,56566,Neuwied,1,,,30,,,,,,DA07,612100,,,
Soll-Ist-Vergleich best. Beleg,187,dachser,correct,,,,true,STAT=30 | TARIF=43.91 | FR=-0.04 | TZ=-0.01 | VKG_DL=38 | SERV=DA01 | SACH=612100,30,43.91,-0.04,-0.01,49176,Hilter,1,,,,,,,,,DA01,612100,,,
Soll-Ist-Vergleich best. Beleg,188,dachser,correct,Mautdifferenz,Mautdifferenz,Mautdifferenz,true,STAT=10 | TARIF=69.9 | MAUT=0.99 | VKG_DL=147 | SERV=DA01 | SACH=612100,10,69.9,,,44309,Dortmund,1,,,,,,,0.99,,DA01,612100,,,
Soll-Ist-Vergleich best. Beleg,189,dachser,correct,,,,true,STAT=30 | TARIF=72.97 | FR=-0.02 | EXP_DL=30 | VKG_DL=38 | SERV=DA07 | SACH=612100,30,72.97,-0.02,,40699,Erkrath,1,,,30,,,,,,DA07,612100,,,
Soll-Ist-Vergleich best. Beleg,190,dachser,correct,,,,true,STAT=30 | TARIF=57.81 | FR=0.02 | TZ=0.01 | VKG_DL=64 | SERV=DA01 | SACH=612100,30,57.81,0.02,0.01,29399,Wahrenholz,1,,,,,,,,,DA01,612100,,,
Soll-Ist-Vergleich best. Beleg,191,dachser,correct,,,,true,STAT=30 | TARIF=45.66 | FR=0.02 | TZ=0.01 | VKG_DL=40 | SERV=DA01 | SACH=612100,30,45.66,0.02,0.01,19288,Ludwigslust,1,,,,,,,,,DA01,612100,,,
Soll-Ist-Vergleich best. Beleg,192,dachser,correct,Mautdifferenz,Mautdifferenz,Mautdifferenz,true,STAT=10 | TARIF=73.76 | FR=0.02 | EXP_DL=30 | MAUT=2.16 | TZ=0.01 | VKG_DL=39 | SERV=DA07 | SACH=612100,10,73.76,0.02,0.01,18374,Ostseebad Zingst am Darß,1,,,30,,,,2.16,,DA07,612100,,,
Soll-Ist-Vergleich best. Beleg,193,dachser,correct,,,,true,STAT=30 | TARIF=75.41 | FR=0.02 | EXP_DL=30 | TZ=0.01 | VKG_DL=38 | SERV=DA07 | SACH=612100,30,75.41,0.02,0.01,10707,Berlin,1,,,30,,,,,,DA07,612100,,,
Soll-Ist-Vergleich best. Beleg,194,dachser,correct,,,,true,STAT=30 | TARIF=75.54 | VKG_DL=160,30,75.54,,,45128,ESSEN,1,,,,,,,,,,,,,
Soll-Ist-Vergleich best. Beleg,195,dachser,correct,,,,true,STAT=30 | TARIF=115.93 | FR=0.05 | TZ=0.01 | VKG_DL=339 | SERV=DA01 | SACH=612100,30,115.93,0.05,0.01,50668,Köln,1,,,,,,,,,DA01,612100,,,
Soll-Ist-Vergleich best. Beleg,196,dachser,correct,Differenz Telefonische Zustellterminvereinbarung - Laderaumzuschlag,Differenz Telefonische Zustellterminvereinbarung - Laderaumzuschlag,Differenz Telefonische Zustellterminvereinbarung - Laderaumzuschlag,true,STAT=10 | TARIF=45.99 | FR=-0.04 | SNK_DL=9 | SNK_DIFF=7.2 | TZ=-0.01 | VKG_DL=30 | SERV=DA01 | SACH=612100,10,45.99,-0.04,-0.01,29699,Walsrode,1,,,,9,7.2,1.8,,,DA01,612100,,,
Soll-Ist-Vergleich best. Beleg,197,dachser,correct,,,,true,STAT=30 | TARIF=58.39 | FR=0.02 | TZ=0.01 | VKG_DL=53 | SERV=DA01 | SACH=612100,30,58.39,0.02,0.01,12489,Berlin,1,,,,,,,,,DA01,612100,,,
Soll-Ist-Vergleich best. Beleg,198,dachser,correct,Mautdifferenz,Mautdifferenz,Mautdifferenz,true,STAT=10 | TARIF=86.54 | FR=-0.04 | EXP_DL=30 | MAUT=0.64 | TZ=-0.01 | VKG_DL=53 | SERV=DA07 | SACH=612100,10,86.54,-0.04,-0.01,44319,Dortmund,1,,,30,,,,0.64,,DA07,612100,,,
Soll-Ist-Vergleich best. Beleg,199,dachser,correct,,,,true,STAT=30 | TARIF=57.48 | FR=0.03 | TZ=0.01 | VKG_DL=104 | SERV=DA01 | SACH=612100,30,57.48,0.03,0.01,86368,Gersthofen,1,,,,,,,,,DA01,612100,,,
Soll-Ist-Vergleich best. Beleg,200,dachser,correct,,,,true,STAT=30 | TARIF=99.9 | EXP_DL=30 | VKG_DL=139 | SERV=DA07 | SACH=612100,30,99.9,,,53115,Bonn,1,,,30,,,,,,DA07,612100,,,
Soll-Ist-Vergleich best. Beleg,201,dachser,correct,,,,true,STAT=30 | TARIF=55.67 | VKG_DL=66 | SERV=DA01 | SACH=612100,30,55.67,,,50676,Köln,1,,,,,,,,,DA01,612100,,,
Soll-Ist-Vergleich best. Beleg,202,dachser,correct,,,,true,STAT=30 | TARIF=60.52 | FR=-0.02 | VKG_DL=110 | SERV=DA01 | SACH=612100,30,60.52,-0.02,,80333,München,1,,,,,,,,,DA01,612100,,,
Soll-Ist-Vergleich best. Beleg,203,dachser,correct,,,,true,STAT=30 | TARIF=61.78 | FR=0.04 | TZ=0.01 | VKG_DL=198 | SERV=DA01 | SACH=612100,30,61.78,0.04,0.01,70178,Stuttgart,1,,,,,,,,,DA01,612100,,,
Soll-Ist-Vergleich best. Beleg,204,dachser,correct,Mautdifferenz // Differenz aufgrund von abweichendem Gewicht,Mautdifferenz // Differenz aufgrund von abweichendem Gewicht,Mautdifferenz // Differenz aufgrund von abweichendem Gewicht,true,STAT=10 | TARIF=105.66 | FR=17.6 | EXP_DL=30 | MAUT=2.3 | TZ=3.08 | VKG_DL=253 | SERV=DA07 | SACH=612100,10,105.66,17.6,3.08,60327,Frankfurt,1,,,30,,,,2.3,,DA07,612100,,,
Soll-Ist-Vergleich best. Beleg,205,dachser,correct,,,,true,STAT=30 | TARIF=37.26 | FR=0.05 | TZ=0.01 | VKG_DL=45 | SERV=DA01 | SACH=612110,30,37.26,0.05,0.01,71642,Ludwigsburg,1,,,,,,,,,DA01,612110,,,
Soll-Ist-Vergleich best. Beleg,206,dachser,correct,,,,true,STAT=30 | TARIF=83.4 | FR=-0.04 | EXP_DL=30 | VKG_DL=93 | SERV=DA04 | SACH=612100,30,83.4,-0.04,,35447,Reiskirchen,1,,,30,,,,,,DA04,612100,,,
Soll-Ist-Vergleich best. Beleg,207,dachser,correct,,,,true,STAT=30 | TARIF=45.95 | FR=-0.03 | VKG_DL=75 | SERV=DA01 | SACH=612110,30,45.95,-0.03,,88214,Ravensburg,1,,,,,,,,,DA01,612110,,,
Soll-Ist-Vergleich best. Beleg,208,dachser,correct,,,,true,STAT=30 | TARIF=98.59 | FR=0.04 | TZ=0.01 | VKG_DL=262 | SERV=DA01 | SACH=612100,30,98.59,0.04,0.01,60486,Frankfurt,1,,,,,,,,,DA01,612100,,,
Soll-Ist-Vergleich best. Beleg,209,dachser,correct,,,,true,STAT=30 | TARIF=77.88 | FR=0.03 | EXP_DL=30 | TZ=0.01 | VKG_DL=54 | SERV=DA07 | SACH=612100,30,77.88,0.03,0.01,76187,Karlsruhe,1,,,30,,,,,,DA07,612100,,,
Soll-Ist-Vergleich best. Beleg,210,dachser,correct,Differenz Telefonische Zustellterminvereinbarung - Laderaumzuschlag,Differenz Telefonische Zustellterminvereinbarung - Laderaumzuschlag,Differenz Telefonische Zustellterminvereinbarung - Laderaumzuschlag,true,STAT=10 | TARIF=79.87 | FR=0.03 | SNK_DL=9 | SNK_DIFF=7.01 | EXP_DL=30 | TZ=0.01 | VKG_DL=98 | SERV=DA07 | SACH=612100,10,79.87,0.03,0.01,87660,Irsee,1,,,30,9,7.01,1.99,,,DA07,612100,,,
Soll-Ist-Vergleich best. Beleg,211,dachser,correct,Differenz Telefonische Zustellterminvereinbarung - Laderaumzuschlag,Differenz Telefonische Zustellterminvereinbarung - Laderaumzuschlag,Differenz Telefonische Zustellterminvereinbarung - Laderaumzuschlag,true,STAT=10 | TARIF=41.7 | FR=-0.04 | SNK_DL=9 | SNK_DIFF=7.34 | TZ=-0.01 | VKG_DL=30 | SERV=DA01 | SACH=612100,10,41.7,-0.04,-0.01,56841,Traben-Trarbach,1,,,,9,7.34,1.66,,,DA01,612100,,,
Soll-Ist-Vergleich best. Beleg,212,dachser,correct,,,,true,STAT=30 | TARIF=56.54 | FR=-0.04 | TZ=-0.01 | VKG_DL=52 | SERV=DA01 | SACH=612100,30,56.54,-0.04,-0.01,40589,Düsseldorf,1,,,,,,,,,DA01,612100,,,
Soll-Ist-Vergleich best. Beleg,213,dachser,correct,Mautdifferenz,Mautdifferenz,Mautdifferenz,true,STAT=10 | TARIF=37.58 | FR=0.03 | MAUT=0.33 | TZ=0.01 | VKG_DL=30 | SERV=DA01 | SACH=612100,10,37.58,0.03,0.01,90763,Fürth,1,,,,,,,0.33,,DA01,612100,,,
Soll-Ist-Vergleich best. Beleg,214,dachser,correct,Differenz Telefonische Zustellterminvereinbarung - Laderaumzuschlag,Differenz Telefonische Zustellterminvereinbarung - Laderaumzuschlag,Differenz Telefonische Zustellterminvereinbarung - Laderaumzuschlag,true,STAT=10 | TARIF=47.77 | FR=0.02 | SNK_DL=9 | SNK_DIFF=7.15 | TZ=0.01 | VKG_DL=30 | SERV=DA01 | SACH=612100,10,47.77,0.02,0.01,24148,Kiel,1,,,,9,7.15,1.85,,,DA01,612100,,,
Soll-Ist-Vergleich best. Beleg,215,dachser,correct,,,,true,STAT=30 | TARIF=37.62 | VKG_DL=50 | SERV=DA01 | SACH=612100,30,37.62,,,82234,Weßling,1,,,,,,,,,DA01,612100,,,
Soll-Ist-Vergleich best. Beleg,216,dachser,correct,Differenz Telefonische Zustellterminvereinbarung - Laderaumzuschlag,Differenz Telefonische Zustellterminvereinbarung - Laderaumzuschlag,Differenz Telefonische Zustellterminvereinbarung - Laderaumzuschlag,true,STAT=10 | TARIF=55.07 | FR=-0.02 | SNK_DL=9 | SNK_DIFF=7.23 | EXP_DL=10 | VKG_DL=22 | SERV=DA05 | SACH=612100,10,55.07,-0.02,,30163,Hannover,1,,,10,9,7.23,1.77,,,DA05,612100,,,
Soll-Ist-Vergleich best. Beleg,217,dachser,correct,,,,true,STAT=30 | TARIF=70.04 | FR=-0.04 | EXP_DL=30 | TZ=-0.01 | VKG_DL=40 | SERV=DA07 | SACH=612100,30,70.04,-0.04,-0.01,56218,Mülheim-Kärlich,1,,,30,,,,,,DA07,612100,,,
Soll-Ist-Vergleich best. Beleg,218,dachser,correct,Differenz Telefonische Zustellterminvereinbarung - Laderaumzuschlag,Differenz Telefonische Zustellterminvereinbarung - Laderaumzuschlag,Differenz Telefonische Zustellterminvereinbarung - Laderaumzuschlag,true,STAT=10 | TARIF=63.57 | FR=0.05 | SNK_DL=9 | SNK_DIFF=6.62 | TZ=0.01 | VKG_DL=51 | SERV=DA01 | SACH=612100,10,63.57,0.05,0.01,17033,Neubrandenburg,1,,,,9,6.62,2.38,,,DA01,612100,,,
Soll-Ist-Vergleich best. Beleg,219,dachser,correct,,,,true,STAT=30 | TARIF=104.45 | FR=0.01 | EXP_DL=30 | VKG_DL=103 | SERV=DA07 | SACH=612100,30,104.45,0.01,,10557,Berlin,1,,,30,,,,,,DA07,612100,,,
Soll-Ist-Vergleich best. Beleg,220,dachser,correct,,,,true,STAT=30 | TARIF=87.18 | FR=-0.04 | EXP_DL=30 | TZ=-0.01 | VKG_DL=74 | SERV=DA04 | SACH=612100,30,87.18,-0.04,-0.01,31789,Hameln,1,,,30,,,,,,DA04,612100,,,
Soll-Ist-Vergleich best. Beleg,221,dachser,correct,,,,true,STAT=30 | TARIF=105.66 | EXP_DL=30 | VKG_DL=163 | SERV=DA07 | SACH=612100,30,105.66,,,60327,Frankfurt,1,,,30,,,,,,DA07,612100,,,
Soll-Ist-Vergleich best. Beleg,222,dachser,correct,Mautdifferenz,Mautdifferenz,Mautdifferenz,true,STAT=10 | TARIF=37.62 | MAUT=0.33 | VKG_DL=39 | SERV=DA01 | SACH=612100,10,37.62,,,79331,Teningen,1,,,,,,,0.33,,DA01,612100,,,
Soll-Ist-Vergleich best. Beleg,223,dachser,correct,,,,true,STAT=30 | TARIF=37.58 | FR=0.03 | TZ=0.01 | VKG_DL=40 | SERV=DA01 | SACH=612100,30,37.58,0.03,0.01,76863,Herxheim,1,,,,,,,,,DA01,612100,,,
Soll-Ist-Vergleich best. Beleg,224,dachser,correct,2. Zustellung,2. Zustellung,2. Zustellung,true,STAT=10 | TARIF=86.58 | FR=0.05 | ZZ=60 | TZ=0.01 | VKG_DL=188 | SERV=DA01 | SACH=612100,10,86.58,0.05,0.01,14195,Berlin,1,,,,,,,,,DA01,612100,60,,
Soll-Ist-Vergleich best. Beleg,225,dachser,correct,Mautdifferenz,Mautdifferenz,Mautdifferenz,true,STAT=10 | TARIF=45.46 | FR=-0.03 | MAUT=0.49 | VKG_DL=76 | SERV=DA01 | SACH=612100,10,45.46,-0.03,,74564,Crailsheim,1,,,,,,,0.49,,DA01,612100,,,
Soll-Ist-Vergleich best. Beleg,226,dachser,correct,,,,true,STAT=30 | TARIF=43.8 | FR=-0.02 | TZ=-0.01 | VKG_DL=125 | SERV=DA01 | SACH=612100,30,43.8,-0.02,-0.01,89188,Merklingen,1,,,,,,,,,DA01,612100,,,
Soll-Ist-Vergleich best. Beleg,227,dachser,correct,Mautdifferenz,Mautdifferenz,Mautdifferenz,true,STAT=10 | TARIF=40.04 | FR=-0.04 | MAUT=-0.28 | TZ=-0.01 | VKG_DL=50 | SERV=DA01 | SACH=612100,10,40.04,-0.04,-0.01,94469,Deggendorf,1,,,,,,,-0.28,,DA01,612100,,,
Soll-Ist-Vergleich best. Beleg,228,dachser,correct,,,,true,STAT=30 | TARIF=67.26 | FR=0.05 | EXP_DL=30 | TZ=0.01 | VKG_DL=40 | SERV=DA07 | SACH=612100,30,67.26,0.05,0.01,72555,Metzingen,1,,,30,,,,,,DA07,612100,,,
Soll-Ist-Vergleich best. Beleg,229,dachser,correct,,,,true,STAT=30 | TARIF=68.27 | FR=-0.02 | VKG_DL=215 | SERV=DA01 | SACH=612100,30,68.27,-0.02,,71522,Backnang,1,,,,,,,,,DA01,612100,,,
Soll-Ist-Vergleich best. Beleg,230,dachser,correct,,,,true,STAT=30 | TARIF=69.76 | FR=-0.04 | EXP_DL=30 | TZ=-0.01 | VKG_DL=38 | SERV=DA07 | SACH=612100,30,69.76,-0.04,-0.01,55543,Bad Kreuznach,1,,,30,,,,,,DA07,612100,,,
Soll-Ist-Vergleich best. Beleg,231,dachser,correct,,,,true,STAT=30 | TARIF=45.92 | FR=0.02 | TZ=0.01 | VKG_DL=38 | SERV=DA01 | SACH=612100,30,45.92,0.02,0.01,25870,Oldenswort,1,,,,,,,,,DA01,612100,,,
Soll-Ist-Vergleich best. Beleg,232,dachser,correct,,,,true,STAT=30 | TARIF=75.66 | FR=0.02 | EXP_DL=30 | TZ=0.01 | VKG_DL=25 | SERV=DA07 | SACH=612100,30,75.66,0.02,0.01,23795,Bad Segeberg,1,,,30,,,,,,DA07,612100,,,
Soll-Ist-Vergleich best. Beleg,233,dachser,correct,,,,true,STAT=30 | TARIF=45.92 | FR=0.02 | TZ=0.01 | VKG_DL=30 | SERV=DA01 | SACH=612110,30,45.92,0.02,0.01,18182,Rövershagen,1,,,,,,,,,DA01,612110,,,
Soll-Ist-Vergleich best. Beleg,234,dachser,correct,Differenz Telefonische Zustellterminvereinbarung - Laderaumzuschlag,Differenz Telefonische Zustellterminvereinbarung - Laderaumzuschlag,Differenz Telefonische Zustellterminvereinbarung - Laderaumzuschlag,true,STAT=10 | TARIF=62.38 | FR=0.05 | SNK_DL=9 | SNK_DIFF=6.62 | TZ=0.01 | VKG_DL=62 | SERV=DA01 | SACH=612100,10,62.38,0.05,0.01,10405,Berlin,1,,,,9,6.62,2.38,,,DA01,612100,,,
Soll-Ist-Vergleich best. Beleg,235,dachser,correct,2. Zustellung,2. Zustellung,2. Zustellung,true,STAT=10 | TARIF=43.3 | FR=-0.02 | ZZ=35 | VKG_DL=38 | SERV=DA01 | SACH=612100,10,43.3,-0.02,,30855,Langenhagen,1,,,,,,,,,DA01,612100,35,,
Soll-Ist-Vergleich best. Beleg,236,dachser,correct,,,,true,STAT=30 | TARIF=45.66 | FR=0.02 | TZ=0.01 | VKG_DL=36 | SERV=DA01 | SACH=612100,30,45.66,0.02,0.01,26639,Wiesmoor,1,,,,,,,,,DA01,612100,,,
Soll-Ist-Vergleich best. Beleg,237,dachser,correct,,,,true,STAT=30 | TARIF=37.26 | FR=0.05 | TZ=0.01 | VKG_DL=48 | SERV=DA01 | SACH=612110,30,37.26,0.05,0.01,88471,Laupheim,1,,,,,,,,,DA01,612110,,,
Soll-Ist-Vergleich best. Beleg,238,dachser,correct,,,,true,STAT=30 | TARIF=55.12 | VKG_DL=53 | SERV=DA01 | SACH=612100,30,55.12,,,54340,Klüsserath,1,,,,,,,,,DA01,612100,,,
Soll-Ist-Vergleich best. Beleg,239,dachser,correct,,,,true,STAT=30 | TARIF=43.3 | FR=-0.02 | VKG_DL=30 | SERV=DA01 | SACH=612100,30,43.3,-0.02,,44809,Bochum,1,,,,,,,,,DA01,612100,,,
Soll-Ist-Vergleich best. Beleg,240,dachser,correct,Mautdifferenz,Mautdifferenz,Mautdifferenz,true,STAT=10 | TARIF=66.54 | FR=-0.04 | EXP_DL=10 | MAUT=0.64 | TZ=-0.01 | VKG_DL=67 | SERV=DA05 | SACH=612100,10,66.54,-0.04,-0.01,59581,Warstein,1,,,10,,,,0.64,,DA05,612100,,,
Soll-Ist-Vergleich best. Beleg,241,dachser,wrong,Mautdifferenz // Differenz Frachtzu/ abschlag,Mautdifferenz // Differenz aufgrund von abweichendem Gewicht,Mautdifferenz // Differenz Frachtzu/ abschlag,true,STAT=10 | TARIF=115.75 | FR=-26.24 | MAUT=-9.44 | TZ=-4.59 | VKG_DL=142 | SERV=DA01 | SACH=612100,10,115.75,-26.24,-4.59,22419,Hamburg,1,,,,,,,-9.44,,DA01,612100,,,
Soll-Ist-Vergleich best. Beleg,242,dachser,correct,,,,true,STAT=30 | TARIF=230.81 | FR=-0.04 | VKG_DL=1228 | SERV=DA01 | SACH=612100,30,230.81,-0.04,,71696,Möglingen,1,,,,,,,,,DA01,612100,,,
Soll-Ist-Vergleich best. Beleg,243,dachser,correct,,,,true,STAT=30 | TARIF=55.12 | VKG_DL=51 | SERV=DA01 | SACH=612100,30,55.12,,,99310,Arnstadt,1,,,,,,,,,DA01,612100,,,
Soll-Ist-Vergleich best. Beleg,244,dachser,correct,,,,true,STAT=30 | TARIF=45.66 | FR=0.02 | TZ=0.01 | VKG_DL=30 | SERV=DA01 | SACH=612100,30,45.66,0.02,0.01,23554,Lübeck,1,,,,,,,,,DA01,612100,,,
Soll-Ist-Vergleich best. Beleg,245,dachser,correct,,,,true,STAT=30 | TARIF=72.97 | FR=-0.02 | EXP_DL=30 | VKG_DL=40 | SERV=DA07 | SACH=612100,30,72.97,-0.02,,40472,Düsseldorf,1,,,30,,,,,,DA07,612100,,,
Soll-Ist-Vergleich best. Beleg,246,dachser,correct,,,,true,STAT=30 | TARIF=67.95 | EXP_DL=30 | VKG_DL=38 | SERV=DA04 | SACH=612100,30,67.95,,,65183,Wiesbaden,1,,,30,,,,,,DA04,612100,,,
Soll-Ist-Vergleich best. Beleg,247,dachser,correct,Differenz Telefonische Zustellterminvereinbarung - Laderaumzuschlag,Differenz Telefonische Zustellterminvereinbarung - Laderaumzuschlag,Differenz Telefonische Zustellterminvereinbarung - Laderaumzuschlag,true,STAT=10 | TARIF=39.16 | FR=0.03 | SNK_DL=9 | SNK_DIFF=7.42 | TZ=0.01 | VKG_DL=37 | SERV=DA01 | SACH=612100,10,39.16,0.03,0.01,76530,Baden-Baden,1,,,,9,7.42,1.58,,,DA01,612100,,,
Soll-Ist-Vergleich best. Beleg,248,dachser,correct,,,,true,STAT=30 | TARIF=58.39 | FR=0.02 | TZ=0.01 | VKG_DL=72 | SERV=DA01 | SACH=612100,30,58.39,0.02,0.01,49716,Meppen,1,,,,,,,,,DA01,612100,,,
Soll-Ist-Vergleich best. Beleg,249,dachser,correct,,,,true,STAT=30 | TARIF=65.33 | FR=-0.02 | TZ=-0.01 | VKG_DL=124 | SERV=DA01 | SACH=612100,30,65.33,-0.02,-0.01,61352,Bad Homburg vor der Höhe,1,,,,,,,,,DA01,612100,,,
Soll-Ist-Vergleich best. Beleg,250,dachser,correct,,,,true,STAT=30 | TARIF=43.3 | FR=-0.02 | VKG_DL=37 | SERV=DA01 | SACH=612100,30,43.3,-0.02,,47495,Rheinberg,1,,,,,,,,,DA01,612100,,,
Soll-Ist-Vergleich best. Beleg,251,dachser,correct,,,,true,STAT=30 | TARIF=79.34 | FR=-0.01 | EXP_DL=30 | VKG_DL=94 | SERV=DA07 | SACH=612100,30,79.34,-0.01,,81825,München,1,,,30,,,,,,DA07,612100,,,
Soll-Ist-Vergleich best. Beleg,252,dachser,correct,,,,true,STAT=30 | TARIF=60.52 | FR=-0.02 | VKG_DL=104 | SERV=DA01 | SACH=612100,30,60.52,-0.02,,67487,Maikammer,1,,,,,,,,,DA01,612100,,,
Soll-Ist-Vergleich best. Beleg,253,dachser,correct,,,,true,STAT=30 | TARIF=142.59 | FR=-0.01 | VKG_DL=686 | SERV=DA01 | SACH=612110,30,142.59,-0.01,,72514,Inzigkofen-Engelswies,1,,,,,,,,,DA01,612110,,,
Soll-Ist-Vergleich best. Beleg,254,dachser,correct,,,,true,STAT=30 | TARIF=60 | FR=0.05 | TZ=0.01 | VKG_DL=61 | SERV=DA01 | SACH=612100,30,60,0.05,0.01,16727,Oberkrämer OT Schwante,1,,,,,,,,,DA01,612100,,,
Soll-Ist-Vergleich best. Beleg,255,dachser,correct,,,,true,STAT=30 | TARIF=60 | FR=0.05 | TZ=0.01 | VKG_DL=53 | SERV=DA01 | SACH=612100,30,60,0.05,0.01,14641,Nauen,1,,,,,,,,,DA01,612100,,,
Soll-Ist-Vergleich best. Beleg,256,dachser,correct,Differenz Telefonische Zustellterminvereinbarung - Laderaumzuschlag,Differenz Telefonische Zustellterminvereinbarung - Laderaumzuschlag,Differenz Telefonische Zustellterminvereinbarung - Laderaumzuschlag,true,STAT=10 | TARIF=54.74 | FR=-0.02 | SNK_DL=9 | SNK_DIFF=7.23 | EXP_DL=10 | VKG_DL=21 | SERV=DA05 | SACH=612100,10,54.74,-0.02,,04109,Leipzig,1,,,10,9,7.23,1.77,,,DA05,612100,,,
Soll-Ist-Vergleich best. Beleg,257,dachser,correct,Mautdifferenz,Mautdifferenz,Mautdifferenz,true,STAT=10 | TARIF=40.04 | FR=-0.04 | MAUT=-0.28 | TZ=-0.01 | VKG_DL=50 | SERV=DA01 | SACH=612100,10,40.04,-0.04,-0.01,94469,Deggendorf,1,,,,,,,-0.28,,DA01,612100,,,
Soll-Ist-Vergleich best. Beleg,258,dachser,correct,,,,true,STAT=30 | TARIF=45.95 | FR=-0.03 | VKG_DL=63 | SERV=DA01 | SACH=612100,30,45.95,-0.03,,88697,Bermatingen,1,,,,,,,,,DA01,612100,,,
Soll-Ist-Vergleich best. Beleg,259,dachser,correct,,,,true,STAT=30 | TARIF=95.33 | FR=-0.02 | EXP_DL=30 | TZ=-0.01 | VKG_DL=113 | SERV=DA04 | SACH=612100,30,95.33,-0.02,-0.01,66482,Zweibrücken,1,,,30,,,,,,DA04,612100,,,
Soll-Ist-Vergleich best. Beleg,260,dachser,correct,,,,true,STAT=30 | TARIF=57.18 | FR=-0.04 | TZ=-0.01 | VKG_DL=68 | SERV=DA01 | SACH=612100,30,57.18,-0.04,-0.01,31188,Holle,1,,,,,,,,,DA01,612100,,,
Soll-Ist-Vergleich best. Beleg,261,dachser,correct,,,,true,STAT=30 | TARIF=57.18 | FR=-0.04 | TZ=-0.01 | VKG_DL=67 | SERV=DA01 | SACH=612100,30,57.18,-0.04,-0.01,31139,Hildesheim,1,,,,,,,,,DA01,612100,,,
Soll-Ist-Vergleich best. Beleg,262,dachser,correct,,,,true,STAT=30 | TARIF=83.18 | FR=0.05 | TZ=0.01 | VKG_DL=200 | SERV=DA01 | SACH=612100,30,83.18,0.05,0.01,39128,Magdeburg,1,,,,,,,,,DA01,612100,,,
Soll-Ist-Vergleich best. Beleg,263,dachser,correct,,,,true,STAT=30 | TARIF=79.96 | FR=-0.01 | EXP_DL=30 | VKG_DL=52 | SERV=DA04 | SACH=612100,30,79.96,-0.01,,79219,Staufen im Breisgau,1,,,30,,,,,,DA04,612100,,,
Soll-Ist-Vergleich best. Beleg,264,dachser,correct,,,,true,STAT=30 | TARIF=73.3 | FR=-0.02 | EXP_DL=30 | VKG_DL=39 | SERV=DA07 | SACH=612100,30,73.3,-0.02,,38112,Braunschweig,1,,,30,,,,,,DA07,612100,,,
Soll-Ist-Vergleich best. Beleg,265,dachser,correct,,,,true,STAT=30 | TARIF=42.97 | FR=-0.02 | VKG_DL=38 | SERV=DA01 | SACH=612100,30,42.97,-0.02,,04109,Leipzig,1,,,,,,,,,DA01,612100,,,
Soll-Ist-Vergleich best. Beleg,266,dachser,correct,2. Zustellung,2. Zustellung,2. Zustellung,true,STAT=10 | TARIF=43.91 | FR=-0.04 | ZZ=35 | TZ=-0.01 | VKG_DL=38 | SERV=DA01 | SACH=612100,10,43.91,-0.04,-0.01,39261,Zerbst/Anhalt,1,,,,,,,,,DA01,612100,35,,
Soll-Ist-Vergleich best. Beleg,267,dachser,correct,,,,true,STAT=30 | TARIF=60.61 | FR=0.05 | TZ=0.01 | VKG_DL=51 | SERV=DA01 | SACH=612100,30,60.61,0.05,0.01,20457,Hamburg,1,,,,,,,,,DA01,612100,,,
Soll-Ist-Vergleich best. Beleg,268,dachser,correct,,,,true,STAT=30 | TARIF=55.11 | FR=-0.02 | VKG_DL=131 | SERV=DA01 | SACH=612100,30,55.11,-0.02,,88276,Berg,1,,,,,,,,,DA01,612100,,,
Soll-Ist-Vergleich best. Beleg,269,dachser,correct,Differenz Telefonische Zustellterminvereinbarung - Laderaumzuschlag,Differenz Telefonische Zustellterminvereinbarung - Laderaumzuschlag,Differenz Telefonische Zustellterminvereinbarung - Laderaumzuschlag,true,STAT=10 | TARIF=39.01 | FR=0.05 | SNK_DL=9 | SNK_DIFF=7.43 | TZ=0.01 | VKG_DL=30 | SERV=DA01 | SACH=612100,10,39.01,0.05,0.01,72250,Freudenstadt,1,,,,9,7.43,1.57,,,DA01,612100,,,
Soll-Ist-Vergleich best. Beleg,270,dachser,correct,,,,true,STAT=30 | TARIF=43.91 | FR=-0.04 | TZ=-0.01 | VKG_DL=39 | SERV=DA01 | SACH=612100,30,43.91,-0.04,-0.01,48282,Emsdetten,1,,,,,,,,,DA01,612100,,,
Soll-Ist-Vergleich best. Beleg,271,dachser,correct,Mautdifferenz,Mautdifferenz,Mautdifferenz,true,STAT=10 | TARIF=57.81 | FR=0.02 | MAUT=0.58 | TZ=0.01 | VKG_DL=89 | SERV=DA01 | SACH=612100,10,57.81,0.02,0.01,49439,Steinfeld,1,,,,,,,0.58,,DA01,612100,,,
Soll-Ist-Vergleich best. Beleg,272,dachser,correct,Gefahrgut-Zuschlag,Gefahrgut-Zuschlag,Gefahrgut-Zuschlag,true,STAT=10 | TARIF=133.34 | DGR=19 | VKG_DL=364 | SERV=DA01 | SACH=612100,10,133.34,,,32361,Preußisch Oldendorf,1,,,,,,,,19,DA01,612100,,,
Soll-Ist-Vergleich best. Beleg,273,dachser,correct,,,,true,STAT=30 | TARIF=75.66 | FR=0.02 | EXP_DL=30 | TZ=0.01 | VKG_DL=49 | SERV=DA07 | SACH=612100,30,75.66,0.02,0.01,21614,Buxtehude,1,,,30,,,,,,DA07,612100,,,
Soll-Ist-Vergleich best. Beleg,274,dachser,correct,,,,true,STAT=30 | TARIF=91.78 | FR=0.04 | EXP_DL=30 | TZ=0.01 | VKG_DL=184 | SERV=DA07 | SACH=612100,30,91.78,0.04,0.01,72116,Mössingen,1,,,30,,,,,,DA07,612100,,,
Soll-Ist-Vergleich best. Beleg,275,dachser,correct,,,,true,STAT=30 | TARIF=49.96 | FR=-0.01 | VKG_DL=63 | SERV=DA01 | SACH=612100,30,49.96,-0.01,,63225,Langen,1,,,,,,,,,DA01,612100,,,
Soll-Ist-Vergleich best. Beleg,276,dachser,correct,,,,true,STAT=30 | TARIF=72.12 | FR=-0.01 | EXP_DL=30 | VKG_DL=39 | SERV=DA07 | SACH=612100,30,72.12,-0.01,,99817,Eisenach,1,,,30,,,,,,DA07,612100,,,
Soll-Ist-Vergleich best. Beleg,277,dachser,correct,,,,true,STAT=30 | TARIF=74.79 | FR=-0.01 | VKG_DL=247 | SERV=DA01 | SACH=612110,30,74.79,-0.01,,86830,Schwabmünchen,1,,,,,,,,,DA01,612110,,,
Soll-Ist-Vergleich best. Beleg,278,dachser,correct,2. Zustellung,2. Zustellung,2. Zustellung,true,STAT=10 | TARIF=62.96 | FR=0.04 | ZZ=60 | TZ=0.01 | VKG_DL=199 | SERV=DA01 | SACH=612100,10,62.96,0.04,0.01,75331,Engelsbrand,1,,,,,,,,,DA01,612100,60,,
Soll-Ist-Vergleich best. Beleg,279,dachser,correct,,,,true,STAT=30 | TARIF=67.01 | FR=-0.03 | EXP_DL=30 | TZ=-0.01 | VKG_DL=38 | SERV=DA04 | SACH=612100,30,67.01,-0.03,-0.01,73278,Schlierbach,1,,,30,,,,,,DA04,612100,,,
Soll-Ist-Vergleich best. Beleg,280,dachser,correct,,,,true,STAT=30 | TARIF=82.81 | FR=-0.04 | EXP_DL=30 | VKG_DL=51 | SERV=DA07 | SACH=612100,30,82.81,-0.04,,60596,Frankfurt am Main,1,,,30,,,,,,DA07,612100,,,
Soll-Ist-Vergleich best. Beleg,281,dachser,correct,,,,true,STAT=30 | TARIF=52.81 | FR=-0.04 | VKG_DL=51 | SERV=DA01 | SACH=612100,30,52.81,-0.04,,60327,Frankfurt,1,,,,,,,,,DA01,612100,,,
Soll-Ist-Vergleich best. Beleg,282,dachser,correct,Mautdifferenz,Mautdifferenz,Mautdifferenz,true,STAT=10 | TARIF=72.97 | FR=-0.02 | EXP_DL=30 | MAUT=0.33 | VKG_DL=37 | SERV=DA04 | SACH=612100,10,72.97,-0.02,,59510,Lippetal,1,,,30,,,,0.33,,DA04,612100,,,
Soll-Ist-Vergleich best. Beleg,283,dachser,correct,,,,true,STAT=30 | TARIF=72.97 | FR=-0.02 | EXP_DL=30 | VKG_DL=30 | SERV=DA07 | SACH=612100,30,72.97,-0.02,,53937,Schleiden,1,,,30,,,,,,DA07,612100,,,
Soll-Ist-Vergleich best. Beleg,284,dachser,correct,,,,true,STAT=30 | TARIF=52.37 | FR=-0.01 | EXP_DL=10 | VKG_DL=30 | SERV=DA05 | SACH=612100,30,52.37,-0.01,,51375,Leverkusen,1,,,10,,,,,,DA05,612100,,,
Soll-Ist-Vergleich best. Beleg,285,dachser,correct,,,,true,STAT=30 | TARIF=72.37 | FR=-0.01 | EXP_DL=30 | VKG_DL=40 | SERV=DA04 | SACH=612100,30,72.37,-0.01,,50827,Köln,1,,,30,,,,,,DA04,612100,,,
Soll-Ist-Vergleich best. Beleg,286,dachser,correct,Differenz aufgrund abweichender Zwischenempfänger 40721 Hilden,Differenz aufgrund abweichender Zwischenempfänger 40721 Hilden,Differenz aufgrund abweichender Zwischenempfänger 50126 Bergheim,false,STAT=10 | TARIF=42.37 | FR=0.49 | TZ=0.09 | VKG_DL=38 | REF3=ZW | SERV=DA01 | SACH=612100,10,42.37,0.49,0.09,50126,Bergheim,1,,,,,,,,,DA01,612100,,ZW,
Soll-Ist-Vergleich best. Beleg,287,dachser,correct,Mautdifferenz,Mautdifferenz,Mautdifferenz,true,STAT=10 | TARIF=43.91 | FR=-0.04 | MAUT=0.28 | TZ=-0.01 | VKG_DL=50 | SERV=DA01 | SACH=612100,10,43.91,-0.04,-0.01,48432,Rheine,1,,,,,,,0.28,,DA01,612100,,,
Soll-Ist-Vergleich best. Beleg,288,dachser,correct,,,,true,STAT=30 | TARIF=42.97 | FR=-0.02 | VKG_DL=50 | SERV=DA01 | SACH=612100,30,42.97,-0.02,,40764,Langenfeld,1,,,,,,,,,DA01,612100,,,
Soll-Ist-Vergleich best. Beleg,289,dachser,correct,,,,true,STAT=30 | TARIF=115.93 | FR=0.05 | TZ=0.01 | VKG_DL=305 | SERV=DA01 | SACH=612100,30,115.93,0.05,0.01,37603,Holzminden,2,,,,,,,,,DA01,612100,,,
Soll-Ist-Vergleich best. Beleg,290,dachser,correct,,,,true,STAT=30 | TARIF=130.34 | VKG_DL=375 | SERV=DA01 | SACH=612100,30,130.34,,,33100,Paderborn,1,,,,,,,,,DA01,612100,,,
Soll-Ist-Vergleich best. Beleg,291,dachser,correct,,,,true,STAT=30 | TARIF=355.54 | VKG_DL=1297 | SERV=DA01 | SACH=612100,30,355.54,,,32423,Minden,1,,,,,,,,,DA01,612100,,,
Soll-Ist-Vergleich best. Beleg,292,dachser,correct,,,,true,STAT=30 | TARIF=87.18 | FR=-0.04 | EXP_DL=30 | TZ=-0.01 | VKG_DL=64 | SERV=DA07 | SACH=612100,30,87.18,-0.04,-0.01,30890,Barsinghausen,1,,,30,,,,,,DA07,612100,,,
Soll-Ist-Vergleich best. Beleg,293,dachser,correct,,,,true,STAT=30 | TARIF=44.19 | FR=-0.04 | TZ=-0.01 | VKG_DL=37 | SERV=DA01 | SACH=612100,30,44.19,-0.04,-0.01,29664,Walsrode,1,,,,,,,,,DA01,612100,,,
Soll-Ist-Vergleich best. Beleg,294,dachser,correct,,,,true,STAT=30 | TARIF=45.66 | FR=0.02 | TZ=0.01 | VKG_DL=30 | SERV=DA01 | SACH=612100,30,45.66,0.02,0.01,26676,Barßel,1,,,,,,,,,DA01,612100,,,
Soll-Ist-Vergleich best. Beleg,295,dachser,correct,2. Zustellung,2. Zustellung,2. Zustellung,true,STAT=10 | TARIF=45.66 | FR=0.02 | ZZ=35 | TZ=0.01 | VKG_DL=39 | SERV=DA01 | SACH=612100,10,45.66,0.02,0.01,26441,Jever,1,,,,,,,,,DA01,612100,35,,
Soll-Ist-Vergleich best. Beleg,296,dachser,correct,Differenz Telefonische Zustellterminvereinbarung - Laderaumzuschlag,Differenz Telefonische Zustellterminvereinbarung - Laderaumzuschlag,Differenz Telefonische Zustellterminvereinbarung - Laderaumzuschlag,true,STAT=10 | TARIF=47.26 | FR=0.02 | SNK_DL=9 | SNK_DIFF=7.15 | TZ=0.01 | VKG_DL=30 | SERV=DA01 | SACH=612100,10,47.26,0.02,0.01,21376,Salzhausen,1,,,,9,7.15,1.85,,,DA01,612100,,,
Soll-Ist-Vergleich best. Beleg,297,dachser,correct,,,,true,STAT=30 | TARIF=60.61 | FR=0.05 | TZ=0.01 | VKG_DL=79 | SERV=DA01 | SACH=612100,30,60.61,0.05,0.01,20095,Hamburg,1,,,,,,,,,DA01,612100,,,
Soll-Ist-Vergleich best. Beleg,298,dachser,correct,,,,true,STAT=30 | TARIF=42.97 | FR=-0.02 | VKG_DL=31 | SERV=DA01 | SACH=612100,30,42.97,-0.02,,04109,Leipzig,1,,,,,,,,,DA01,612100,,,
Soll-Ist-Vergleich best. Beleg,299,dachser,correct,Lagergeld,Lagergeld,Lagergeld,true,STAT=10 | LG=41.4 | VKG_DL=276 | SERV=K1AV | SACH=612100,10,,,,89522,Heidenheim an der Brenz,1,,,,,,,,,K1AV,612100,,,41.4
Soll-Ist-Vergleich best. Beleg,300,dachser,correct,,,,true,STAT=30 | TARIF=588.99 | VKG_DL=2954 | SERV=K1AV | SACH=612100,30,588.99,,,34474,Diemelstadt,1,,,,,,,,,K1AV,612100,,,
Soll-Ist-Vergleich best. Beleg,301,dachser,correct,Admin Zeitfensterbuchung Handel,Admin Zeitfensterbuchung Handel,Admin Zeitfensterbuchung Handel,true,STAT=10 | TARIF=98.59 | SNK_DL=5 | SNK_DIFF=5 | VKG_DL=229 | SERV=K1AV | SACH=612100,10,98.59,,,59368,Werne,1,,,,5,5,,,,K1AV,612100,,,
Soll-Ist-Vergleich best. Beleg,302,dachser,correct,Differenz Admin Zeitfensterbuchung Handel - Laderaumzuschlag,Differenz Admin Zeitfensterbuchung Handel - Laderaumzuschlag,Differenz Admin Zeitfensterbuchung Handel - Laderaumzuschlag,true,STAT=10 | TARIF=781.65 | SNK_DL=5 | SNK_DIFF=-69.58 | VKG_DL=4070 | SERV=K1AV | SACH=612100,10,781.65,,,59368,Werne,1,,,,5,-69.58,74.58,,,K1AV,612100,,,
Soll-Ist-Vergleich best. Beleg,303,dachser,correct,Differenz Laderaumkostenentwicklung // Mautdifferenz,Differenz Laderaumkostenentwicklung // Mautdifferenz,Differenz Laderaumkostenentwicklung // Mautdifferenz,true,STAT=10 | TARIF=98.43 | SNK_DL=3.6 | SNK_DIFF=3.6 | MAUT=-5.01 | VKG_DL=112 | SERV=K1AV | SACH=612100,10,98.43,,,752 01,Kojetin,1,,,,3.6,3.6,,-5.01,,K1AV,612100,,,
Soll-Ist-Vergleich best. Beleg,304,dachser,correct,Differenz Laderaumkostenentwicklung // Mautdifferenz,Differenz Laderaumkostenentwicklung // Mautdifferenz,Differenz Laderaumkostenentwicklung // Mautdifferenz,true,STAT=10 | TARIF=316.66 | SNK_DL=12.36 | SNK_DIFF=12.36 | MAUT=35.57 | VKG_DL=936 | SERV=K1AV | SACH=612100,10,316.66,,,55-040,Krzyzowice-Wierzbica,1,,,,12.36,12.36,,35.57,,K1AV,612100,,,
Soll-Ist-Vergleich best. Beleg,305,dachser,correct,Mautdifferenz,Mautdifferenz,Mautdifferenz,true,STAT=10 | TARIF=71.03 | MAUT=2.89 | VKG_DL=91 | SERV=K1AV | SACH=612100,10,71.03,,,39326,Hohe Börde,1,,,,,,,2.89,,K1AV,612100,,,
Soll-Ist-Vergleich best. Beleg,306,dachser,correct,Differenz Admin Zeitfensterbuchung Handel - Laderaumzuschlag,Differenz Admin Zeitfensterbuchung Handel - Laderaumzuschlag,Differenz Admin Zeitfensterbuchung Handel - Laderaumzuschlag,true,STAT=10 | TARIF=731.15 | SNK_DL=5 | SNK_DIFF=-65.52 | VKG_DL=2314 | SERV=K1AV | SACH=612100,10,731.15,,,59368,Werne,1,,,,5,-65.52,70.52,,,K1AV,612100,,,
Soll-Ist-Vergleich best. Beleg,307,dachser,correct,Differenz Laderaumkostenentwicklung // Mautdifferenz,Differenz Laderaumkostenentwicklung // Mautdifferenz,Differenz Laderaumkostenentwicklung // Mautdifferenz,true,STAT=10 | TARIF=454.55 | SNK_DL=17.64 | SNK_DIFF=17.64 | MAUT=-16.73 | VKG_DL=1014 | SERV=K1AV | SACH=612110,10,454.55,,,13100,VERCELLI,1,,,,17.64,17.64,,-16.73,,K1AV,612110,,,
Soll-Ist-Vergleich best. Beleg,308,dachser,correct,Differenz Laderaumkostenentwicklung // Produktzuschlag // Mautdifferenz // Sonderfahrt,Differenz Laderaumkostenentwicklung // Produktzuschlag // Mautdifferenz // Sonderfahrt,Differenz Laderaumkostenentwicklung // Produktzuschlag // Mautdifferenz // Sonderfahrt,true,STAT=10 | TARIF=52.49 | FR=180.03 | SNK_DL=2.1 | SNK_DIFF=2.1 | EXP=50 | EXP_DL=50 | MAUT=-1.22 | TZ=0.01 | VKG_DL=10 | SERV=K1AS | SACH=612110,10,52.49,180.03,0.01,80-174,Gdansk,1,,50,50,2.1,2.1,,-1.22,,K1AS,612110,,,
Soll-Ist-Vergleich best. Beleg,309,dachser,correct,Differenz Laderaumkostenentwicklung // Produktzuschlag // Mautdifferenz // Sonderfahrt,Differenz Laderaumkostenentwicklung // Produktzuschlag // Mautdifferenz // Sonderfahrt,Differenz Laderaumkostenentwicklung // Produktzuschlag // Mautdifferenz // Sonderfahrt,true,STAT=10 | TARIF=85.61 | FR=120.03 | SNK_DL=3.16 | SNK_DIFF=3.16 | EXP=50 | EXP_DL=50 | MAUT=-5.48 | TZ=0.01 | VKG_DL=125 | SERV=K1AS | SACH=612110,10,85.61,120.03,0.01,85-739,Bydgoszcz,1,,50,50,3.16,3.16,,-5.48,,K1AS,612110,,,
Soll-Ist-Vergleich best. Beleg,310,dachser,correct,Admin Zeitfensterbuchung Handel,Admin Zeitfensterbuchung Handel,Admin Zeitfensterbuchung Handel,true,STAT=10 | TARIF=98.59 | SNK_DL=5 | SNK_DIFF=5 | VKG_DL=221 | SERV=K1AV | SACH=612100,10,98.59,,,59368,Werne,1,,,,5,5,,,,K1AV,612100,,,
Soll-Ist-Vergleich best. Beleg,311,dachser,correct,Admin Zeitfensterbuchung Handel,Admin Zeitfensterbuchung Handel,Admin Zeitfensterbuchung Handel,true,STAT=10 | TARIF=98.59 | SNK_DL=5 | SNK_DIFF=5 | VKG_DL=247 | SERV=K1AV | SACH=612100,10,98.59,,,59368,Werne,1,,,,5,5,,,,K1AV,612100,,,
Soll-Ist-Vergleich best. Beleg,312,dachser,correct,,,,true,STAT=30 | TARIF=595.47 | VKG_DL=3067 | SERV=K1AV | SACH=612100,30,595.47,,,34474,Diemelstadt,1,,,,,,,,,K1AV,612100,,,
Soll-Ist-Vergleich best. Beleg,313,dachser,correct,Admin Zeitfensterbuchung Handel,Admin Zeitfensterbuchung Handel,Admin Zeitfensterbuchung Handel,true,STAT=10 | TARIF=180.32 | SNK_DL=5 | SNK_DIFF=5 | VKG_DL=597 | SERV=K1AV | SACH=612100,10,180.32,,,59368,Werne,1,,,,5,5,,,,K1AV,612100,,,
Soll-Ist-Vergleich best. Beleg,314,dachser,correct,Differenz Admin Zeitfensterbuchung Handel - Laderaumzuschlag,Differenz Admin Zeitfensterbuchung Handel - Laderaumzuschlag,Differenz Admin Zeitfensterbuchung Handel - Laderaumzuschlag,true,STAT=10 | TARIF=748.73 | SNK_DL=5 | SNK_DIFF=-64.9 | VKG_DL=2882 | SERV=K1AV | SACH=612100,10,748.73,,,59368,Werne,1,,,,5,-64.9,69.9,,,K1AV,612100,,,
Soll-Ist-Vergleich best. Beleg,315,dachser,correct,,,,true,STAT=30 | TARIF=117.48 | VKG_DL=736 | SERV=K1AV | SACH=612100,30,117.48,,,89522,Heidenheim an der Brenz,1,,,,,,,,,K1AV,612100,,,
Soll-Ist-Vergleich best. Beleg,316,dachser,correct,,,,true,STAT=30 | TARIF=219.43 | VKG_DL=864 | SERV=K1AV | SACH=612100,30,219.43,,,34474,Diemelstadt,1,,,,,,,,,K1AV,612100,,,
Soll-Ist-Vergleich best. Beleg,317,dachser,correct,Admin Zeitfensterbuchung Handel,Admin Zeitfensterbuchung Handel,Admin Zeitfensterbuchung Handel,true,STAT=10 | TARIF=83.54 | SNK_DL=5 | SNK_DIFF=5 | VKG_DL=178 | SERV=K1AV | SACH=612100,10,83.54,,,59368,Werne,1,,,,5,5,,,,K1AV,612100,,,
Soll-Ist-Vergleich best. Beleg,318,dachser,correct,Differenz Admin Zeitfensterbuchung Handel - Laderaumzuschlag,Differenz Admin Zeitfensterbuchung Handel - Laderaumzuschlag,Differenz Admin Zeitfensterbuchung Handel - Laderaumzuschlag,true,STAT=10 | TARIF=718.31 | SNK_DL=5 | SNK_DIFF=-66.15 | VKG_DL=1993 | SERV=K1AV | SACH=612100,10,718.31,,,59368,Werne,1,,,,5,-66.15,71.15,,,K1AV,612100,,,
Soll-Ist-Vergleich best. Beleg,319,dachser,correct,Admin Zeitfensterbuchung Handel,Admin Zeitfensterbuchung Handel,Admin Zeitfensterbuchung Handel,true,STAT=10 | TARIF=296.08 | SNK_DL=5 | SNK_DIFF=5 | VKG_DL=1054 | SERV=K1AV | SACH=612100,10,296.08,,,59368,Werne,1,,,,5,5,,,,K1AV,612100,,,
Soll-Ist-Vergleich best. Beleg,320,dachser,correct,,,,true,STAT=30 | TARIF=89.79 | VKG_DL=215 | SERV=K1AV | SACH=612100,30,89.79,,,34474,Diemelstadt,1,,,,,,,,,K1AV,612100,,,
Soll-Ist-Vergleich best. Beleg,321,dachser,correct,,,,true,STAT=30 | TARIF=206.75 | VKG_DL=718 | SERV=K1AV | SACH=612100,30,206.75,,,34474,Diemelstadt,1,,,,,,,,,K1AV,612100,,,
Soll-Ist-Vergleich best. Beleg,322,dachser,correct,,,,true,STAT=30 | TARIF=687.27 | VKG_DL=4784 | SERV=K1AV | SACH=612100,30,687.27,,,34474,Diemelstadt,1,,,,,,,,,K1AV,612100,,,
Soll-Ist-Vergleich best. Beleg,323,dachser,correct,Differenz Laderaumkostenentwicklung // Mautdifferenz,Differenz Laderaumkostenentwicklung // Mautdifferenz,Differenz Laderaumkostenentwicklung // Mautdifferenz,true,STAT=10 | TARIF=148.54 | SNK_DL=5.33 | SNK_DIFF=5.33 | MAUT=-10.96 | VKG_DL=290 | SERV=K1AV | SACH=612100,10,148.54,,,752 01,Kojetin,1,,,,5.33,5.33,,-10.96,,K1AV,612100,,,
Soll-Ist-Vergleich best. Beleg,324,dachser,wrong,Differenz Automatische Zustellterminvereinbarung - Laderaumzuschlag // Mautdifferenz,Differenz Laderaumkostenentwicklung // Mautdifferenz,Differenz Automatische Zustellterminvereinbarung - Laderaumzuschlag // Mautdifferenz,true,STAT=10 | TARIF=547.91 | SNK_DL=19 | SNK_DIFF=19 | MAUT=-9.95 | VKG_DL=1283 | SERV=K1AV | SACH=612100,10,547.91,,,66-340,Przytoczna,1,,,,19,19,,-9.95,,K1AV,612100,,,
Soll-Ist-Vergleich best. Beleg,325,dachser,correct,Differenz Admin Zeitfensterbuchung Handel - Laderaumzuschlag,Differenz Admin Zeitfensterbuchung Handel - Laderaumzuschlag,Differenz Admin Zeitfensterbuchung Handel - Laderaumzuschlag,true,STAT=10 | TARIF=786.44 | SNK_DL=5 | SNK_DIFF=-69.58 | VKG_DL=4212 | SERV=K1AV | SACH=612100,10,786.44,,,59368,Werne,1,,,,5,-69.58,74.58,,,K1AV,612100,,,
Soll-Ist-Vergleich best. Beleg,326,dachser,correct,Differenz Laderaumkostenentwicklung // Produktzuschlag // Mautdifferenz,Differenz Laderaumkostenentwicklung // Produktzuschlag // Mautdifferenz,Differenz Laderaumkostenentwicklung // Produktzuschlag // Mautdifferenz,true,STAT=10 | TARIF=247.52 | FR=-0.01 | SNK_DL=8.5 | SNK_DIFF=8.5 | EXP=85 | EXP_DL=85 | MAUT=-18.77 | VKG_DL=509 | SERV=K1AS | SACH=612110,10,247.52,-0.01,,95-030,Rzgów,1,,85,85,8.5,8.5,,-18.77,,K1AS,612110,,,
Soll-Ist-Vergleich best. Beleg,327,dachser,correct,Differenz Laderaumkostenentwicklung // Produktzuschlag // Mautdifferenz // Sonderfahrt,Differenz Laderaumkostenentwicklung // Produktzuschlag // Mautdifferenz // Sonderfahrt,Differenz Laderaumkostenentwicklung // Produktzuschlag // Mautdifferenz // Sonderfahrt,true,STAT=10 | TARIF=64.86 | FR=90.03 | SNK_DL=2.56 | SNK_DIFF=2.56 | EXP=50 | EXP_DL=50 | MAUT=-1.19 | TZ=0.01 | VKG_DL=78 | SERV=K1AS | SACH=612110,10,64.86,90.03,0.01,54-610,Wroclaw,1,,50,50,2.56,2.56,,-1.19,,K1AS,612110,,,
Soll-Ist-Vergleich best. Beleg,328,dachser,correct,Differenz Laderaumkostenentwicklung // Produktzuschlag // Mautdifferenz // Sonderfahrt,Differenz Laderaumkostenentwicklung // Produktzuschlag // Mautdifferenz // Sonderfahrt,Differenz Laderaumkostenentwicklung // Produktzuschlag // Mautdifferenz // Sonderfahrt,true,STAT=10 | TARIF=79.78 | FR=90.02 | SNK_DL=2.98 | SNK_DIFF=2.98 | EXP=50 | EXP_DL=50 | MAUT=-3.98 | VKG_DL=135 | SERV=K1AS | SACH=612110,10,79.78,90.02,,32-085,Modlniczka,1,,50,50,2.98,2.98,,-3.98,,K1AS,612110,,,
Soll-Ist-Vergleich best. Beleg,329,dachser,correct,Mautdifferenz,Mautdifferenz,Mautdifferenz,true,STAT=10 | TARIF=615.22 | MAUT=77.84 | VKG_DL=2058 | SERV=K1AV | SACH=612100,10,615.22,,,39326,Hohe Börde,1,,,,,,,77.84,,K1AV,612100,,,
Soll-Ist-Vergleich best. Beleg,330,dachser,correct,,,,true,STAT=30 | TARIF=566.58 | VKG_DL=2645 | SERV=K1AV | SACH=612100,30,566.58,,,34474,Diemelstadt,1,,,,,,,,,K1AV,612100,,,
Soll-Ist-Vergleich best. Beleg,331,dachser,correct,Differenz Admin Zeitfensterbuchung Handel - Laderaumzuschlag,Differenz Admin Zeitfensterbuchung Handel - Laderaumzuschlag,Differenz Admin Zeitfensterbuchung Handel - Laderaumzuschlag,true,STAT=10 | TARIF=772.39 | SNK_DL=5 | SNK_DIFF=-70.19 | VKG_DL=3615 | SERV=K1AV | SACH=612100,10,772.39,,,59368,Werne,1,,,,5,-70.19,75.19,,,K1AV,612100,,,
Soll-Ist-Vergleich best. Beleg,332,dachser,correct,,,,true,STAT=30 | TARIF=687.27 | VKG_DL=4709 | SERV=K1AV | SACH=612100,30,687.27,,,34474,Diemelstadt,1,,,,,,,,,K1AV,612100,,,
Soll-Ist-Vergleich best. Beleg,333,dachser,correct,,,,true,STAT=30 | TARIF=595.47 | VKG_DL=3064 | SERV=K1AV | SACH=612100,30,595.47,,,34474,Diemelstadt,1,,,,,,,,,K1AV,612100,,,
Soll-Ist-Vergleich best. Beleg,334,dachser,correct,Admin Zeitfensterbuchung Handel,Admin Zeitfensterbuchung Handel,Admin Zeitfensterbuchung Handel,true,STAT=10 | TARIF=111.39 | SNK_DL=5 | SNK_DIFF=5 | VKG_DL=259 | SERV=K1AV | SACH=612100,10,111.39,,,59368,Werne,1,,,,5,5,,,,K1AV,612100,,,
Soll-Ist-Vergleich best. Beleg,335,dachser,correct,,,,true,STAT=30 | TARIF=687.27 | VKG_DL=4735 | SERV=K1AV | SACH=612100,30,687.27,,,34474,Diemelstadt,1,,,,,,,,,K1AV,612100,,,
Soll-Ist-Vergleich best. Beleg,336,dachser,correct,,,,true,STAT=30 | TARIF=687.27 | VKG_DL=4756 | SERV=K1AV | SACH=612100,30,687.27,,,34474,Diemelstadt,1,,,,,,,,,K1AV,612100,,,
Soll-Ist-Vergleich best. Beleg,337,dachser,correct,,,,true,STAT=30 | TARIF=251.68 | VKG_DL=1100 | SERV=K1AV | SACH=612100,30,251.68,,,34474,Diemelstadt,1,,,,,,,,,K1AV,612100,,,
Soll-Ist-Vergleich best. Beleg,338,dachser,correct,Mautdifferenz,Mautdifferenz,Mautdifferenz,true,STAT=10 | TARIF=626.03 | MAUT=96.85 | VKG_DL=2512 | SERV=K1AV | SACH=612100,10,626.03,,,39326,Hohe Börde,1,,,,,,,96.85,,K1AV,612100,,,
Soll-Ist-Vergleich best. Beleg,339,dachser,correct,Differenz Admin Zeitfensterbuchung Handel - Laderaumzuschlag,Differenz Admin Zeitfensterbuchung Handel - Laderaumzuschlag,Differenz Admin Zeitfensterbuchung Handel - Laderaumzuschlag,true,STAT=10 | TARIF=772.39 | SNK_DL=5 | SNK_DIFF=-70.19 | VKG_DL=3673 | SERV=K1AV | SACH=612100,10,772.39,,,59368,Werne,1,,,,5,-70.19,75.19,,,K1AV,612100,,,
Soll-Ist-Vergleich best. Beleg,340,dachser,correct,,,,true,STAT=30 | TARIF=538.64 | VKG_DL=1798 | SERV=K1AV | SACH=612100,30,538.64,,,34474,Diemelstadt,1,,,,,,,,,K1AV,612100,,,
Soll-Ist-Vergleich best. Beleg,341,dachser,correct,Admin Zeitfensterbuchung Handel,Admin Zeitfensterbuchung Handel,Admin Zeitfensterbuchung Handel,true,STAT=10 | TARIF=190.4 | SNK_DL=5 | SNK_DIFF=5 | VKG_DL=641 | SERV=K1AV | SACH=612100,10,190.4,,,59368,Werne,1,,,,5,5,,,,K1AV,612100,,,
Soll-Ist-Vergleich best. Beleg,342,dachser,correct,Differenz Laderaumkostenentwicklung // Mautdifferenz,Differenz Laderaumkostenentwicklung // Mautdifferenz,Differenz Laderaumkostenentwicklung // Mautdifferenz,true,STAT=10 | TARIF=305.96 | SNK_DL=11.72 | SNK_DIFF=11.72 | MAUT=-12.34 | VKG_DL=775 | SERV=K1AV | SACH=612110,10,305.96,,,13100,VERCELLI,1,,,,11.72,11.72,,-12.34,,K1AV,612110,,,
Soll-Ist-Vergleich best. Beleg,343,dachser,correct,Ausfallfracht/Schadensersatz,Ausfallfracht/Schadensersatz,Ausfallfracht/Schadensersatz,true,STAT=10 | SNK_DL=75 | SNK_DIFF=75 | VKG_DL=10560,10,,,,89160,DORNSTADT,1,,,,75,75,,,,,,,,
Soll-Ist-Vergleich best. Beleg,344,dachser,wrong,Differenz aufgrund von abweichendem Gewicht,VORHOLUNG APRIL 2026,Differenz aufgrund von abweichendem Gewicht,true,STAT=10 | FR=646.7,10,,646.7,,89129,LANGENAU,1,,,,,,,,,,,,,
Soll-Ist-Vergleich best. Beleg,345,dachser,wrong,Produktzuschlag // Mautdifferenz // Differenz aufgrund von abweichendem Gewicht,Fremdnummer Doppelt berechnet,Produktzuschlag // Mautdifferenz // Differenz aufgrund von abweichendem Gewicht,true,STAT=10 | FR=47.2 | EXP=10 | EXP_DL=10 | MAUT=1.15 | TZ=7.18 | VKG_DL=64 | SERV=DA01 | SACH=612100,10,,47.2,7.18,85748,Garching b.München,1,,10,10,,,,1.15,,DA01,612100,,,
Soll-Ist-Vergleich best. Beleg,346,dachser,wrong,Produktzuschlag // Differenz aufgrund abweichender Gewichte,Produktzuschlag // Differenz aufgrund von abweichendem Gewicht,Produktzuschlag // Differenz aufgrund abweichender Gewichte,true,STAT=10 | TARIF=36.4 | FR=17.2 | EXP=10 | EXP_DL=10 | TZ=1.93 | VKG=54 | VKG_DL=40,10,36.4,17.2,1.93,89081,ULM,1,,10,10,,,,,,,,,,
Soll-Ist-Vergleich best. Beleg,347,dachser,correct,Differenz Automatische Zustellterminvereinbarung - Laderaumzuschlag // Produktzuschlag,Differenz Automatische Zustellterminvereinbarung - Laderaumzuschlag // Produktzuschlag,Differenz Automatische Zustellterminvereinbarung - Laderaumzuschlag // Produktzuschlag,true,STAT=10 | TARIF=43.25 | FR=-0.01 | SNK_DL=5 | SNK_DIFF=3.44 | EXP=10 | EXP_DL=10 | TZ=-0.01 | VKG=33 | VKG_DL=33,10,43.25,-0.01,-0.01,73312,GEISLINGEN AN DER STEIGE,1,,10,10,5,3.44,1.56,,,,,,,
Soll-Ist-Vergleich best. Beleg,348,dachser,correct,Produktzuschlag,Produktzuschlag,Produktzuschlag,true,"STAT=10 | TARIF=328.13 | FR=0.06 | SNK_DL=8.53 | EXP=17.1 | EXP_DL=17.1 | TZ=0.01 | VKG=355,2 | VKG_DL=289",10,328.13,0.06,0.01,73312,GEISLINGEN/STEIGE,1,,17.1,17.1,8.53,,8.53,,,,,,,
Soll-Ist-Vergleich best. Beleg,349,dachser,correct,,,,true,STAT=30 | TARIF=79.19 | VKG=108 | VKG_DL=108,30,79.19,,,89129,LANGENAU,1,,,,,,,,,,,,,
Soll-Ist-Vergleich best. Beleg,350,dachser,correct,Differenz Automatische Zustellterminvereinbarung - Laderaumzuschlag // Produktzuschlag // hätte gebündelt werden können?,Differenz Automatische Zustellterminvereinbarung - Laderaumzuschlag // Produktzuschlag // hätte gebündelt werden können?,Differenz Automatische Zustellterminvereinbarung - Laderaumzuschlag // Produktzuschlag // hätte gebündelt werden können?,true,STAT=10 | TARIF=202.4 | FR=72.18 | SNK_DL=15 | SNK_DIFF=8.54 | EXP=30 | EXP_DL=30 | TZ=10.99 | VKG=146 | VKG_DL=545,10,202.4,72.18,10.99,73312,GEISLINGEN AN DER STEIGE,3,,30,30,15,8.54,6.46,,,,,,,
Soll-Ist-Vergleich best. Beleg,351,dachser,correct,Mautdifferenz,Mautdifferenz,Mautdifferenz,true,"STAT=10 | TARIF=639.59 | FR=0.03 | SNK_DL=17.61 | SNK_DIFF=0.01 | MAUT=-46.22 | TZ=0.01 | VKG=1347,9 | VKG_DL=755",10,639.59,0.03,0.01,73312,GEISLINGEN AN DER STEIGE,1,,,,17.61,0.01,17.6,-46.22,,,,,,
Soll-Ist-Vergleich best. Beleg,352,dachser,correct,Gebühr für vergeblichen Abholversuch // Differenz Automatische Zustellterminvereinbarung - Laderaumzuschlag // Produktzuschlag,Gebühr für vergeblichen Abholversuch // Differenz Automatische Zustellterminvereinbarung - Laderaumzuschlag // Produktzuschlag,Gebühr für vergeblichen Abholversuch // Differenz Automatische Zustellterminvereinbarung - Laderaumzuschlag // Produktzuschlag,true,STAT=10 | TARIF=46.39 | FR=-0.01 | SNK_DL=5 | SNK_DIFF=3.34 | EXP=10 | EXP_DL=10 | AV=48 | TZ=-0.01 | VKG=40 | VKG_DL=40,10,46.39,-0.01,-0.01,73312,GEISLINGEN AN DER STEIGE,1,48,10,10,5,3.34,1.66,,,,,,,
Soll-Ist-Vergleich best. Beleg,353,dachser,correct,Differenz Automatische Zustellterminvereinbarung - Laderaumzuschlag // Produktzuschlag // Mautdifferenz,Differenz Automatische Zustellterminvereinbarung - Laderaumzuschlag // Produktzuschlag // Mautdifferenz,Differenz Automatische Zustellterminvereinbarung - Laderaumzuschlag // Produktzuschlag // Mautdifferenz,true,STAT=10 | TARIF=43.94 | FR=-0.04 | SNK_DL=5 | SNK_DIFF=3.42 | EXP=10 | EXP_DL=10 | MAUT=0.33 | VKG=40 | VKG_DL=40,10,43.94,-0.04,,73312,GEISLINGEN AN DER STEIGE,1,,10,10,5,3.42,1.58,0.33,,,,,,
Soll-Ist-Vergleich best. Beleg,354,dachser,correct,Differenz Automatische Zustellterminvereinbarung - Laderaumzuschlag // Produktzuschlag // Mautdifferenz,Differenz Automatische Zustellterminvereinbarung - Laderaumzuschlag // Produktzuschlag // Mautdifferenz,Differenz Automatische Zustellterminvereinbarung - Laderaumzuschlag // Produktzuschlag // Mautdifferenz,true,STAT=10 | TARIF=43.55 | FR=0.03 | SNK_DL=5 | SNK_DIFF=3.43 | EXP=10 | EXP_DL=10 | MAUT=0.18 | TZ=0.01 | VKG=50 | VKG_DL=50,10,43.55,0.03,0.01,73312,GEISLINGEN AN DER STEIGE,1,,10,10,5,3.43,1.57,0.18,,,,,,
Soll-Ist-Vergleich best. Beleg,355,dachser,correct,Differenz Automatische Zustellterminvereinbarung - Laderaumzuschlag // Produktzuschlag,Differenz Automatische Zustellterminvereinbarung - Laderaumzuschlag // Produktzuschlag,Differenz Automatische Zustellterminvereinbarung - Laderaumzuschlag // Produktzuschlag,true,STAT=10 | TARIF=50.05 | FR=-0.03 | SNK_DL=5 | SNK_DIFF=3.23 | EXP=10 | EXP_DL=10 | VKG=18 | VKG_DL=18,10,50.05,-0.03,,73312,GEISLINGEN AN DER STEIGE,1,,10,10,5,3.23,1.77,,,,,,,
Soll-Ist-Vergleich best. Beleg,356,dachser,correct,Differenz Automatische Zustellterminvereinbarung - Laderaumzuschlag // Produktzuschlag,Differenz Automatische Zustellterminvereinbarung - Laderaumzuschlag // Produktzuschlag,Differenz Automatische Zustellterminvereinbarung - Laderaumzuschlag // Produktzuschlag,true,STAT=10 | TARIF=53.06 | FR=0.07 | SNK_DL=5 | SNK_DIFF=3.15 | EXP=10 | EXP_DL=10 | TZ=0.01 | VKG=40 | VKG_DL=40,10,53.06,0.07,0.01,73312,GEISLINGEN AN DER STEIGE,1,,10,10,5,3.15,1.85,,,,,,,
Soll-Ist-Vergleich best. Beleg,357,dachser,correct,Differenz Automatische Zustellterminvereinbarung - Laderaumzuschlag // Produktzuschlag // Mautdifferenz // Differenz Frachtzu/ abschlag,Differenz Automatische Zustellterminvereinbarung - Laderaumzuschlag // Produktzuschlag // Mautdifferenz // Differenz Frachtzu/ abschlag,Differenz Automatische Zustellterminvereinbarung - Laderaumzuschlag // Produktzuschlag // Mautdifferenz // Differenz Frachtzu/ abschlag,true,STAT=10 | TARIF=66.31 | FR=-0.09 | SNK_DL=5 | SNK_DIFF=2.72 | EXP=10 | EXP_DL=10 | MAUT=-0.64 | TZ=-0.01 | VKG=60 | VKG_DL=60,10,66.31,-0.09,-0.01,73312,GEISLINGEN AN DER STEIGE,1,,10,10,5,2.72,2.28,-0.64,,,,,,
Soll-Ist-Vergleich best. Beleg,358,dachser,correct,Produktzuschlag,Produktzuschlag,Produktzuschlag,true,"STAT=10 | TARIF=328.13 | FR=0.06 | SNK_DL=8.53 | EXP=17.1 | EXP_DL=17.1 | TZ=0.01 | VKG=341,6 | VKG_DL=289",10,328.13,0.06,0.01,73312,GEISLINGEN/STEIGE,1,,17.1,17.1,8.53,,8.53,,,,,,,
Soll-Ist-Vergleich best. Beleg,359,dachser,correct,Differenz Automatische Zustellterminvereinbarung - Laderaumzuschlag // Produktzuschlag,Differenz Automatische Zustellterminvereinbarung - Laderaumzuschlag // Produktzuschlag,Differenz Automatische Zustellterminvereinbarung - Laderaumzuschlag // Produktzuschlag,true,STAT=10 | TARIF=50.05 | FR=-0.03 | SNK_DL=5 | SNK_DIFF=3.23 | EXP=10 | EXP_DL=10 | VKG=33 | VKG_DL=33,10,50.05,-0.03,,73312,GEISLINGEN AN DER STEIGE,1,,10,10,5,3.23,1.77,,,,,,,
Soll-Ist-Vergleich best. Beleg,360,dachser,correct,Differenz Automatische Zustellterminvereinbarung - Laderaumzuschlag,Differenz Automatische Zustellterminvereinbarung - Laderaumzuschlag,Differenz Automatische Zustellterminvereinbarung - Laderaumzuschlag,true,STAT=10 | TARIF=58.16 | FR=0.04 | SNK_DL=5 | SNK_DIFF=2.95 | VKG=54 | VKG_DL=54,10,58.16,0.04,,73312,GEISLINGEN AN DER STEIGE,1,,,,5,2.95,2.05,,,,,,,
Soll-Ist-Vergleich best. Beleg,361,dachser,correct,Differenz Automatische Zustellterminvereinbarung - Laderaumzuschlag,Differenz Automatische Zustellterminvereinbarung - Laderaumzuschlag,Differenz Automatische Zustellterminvereinbarung - Laderaumzuschlag,true,STAT=10 | TARIF=46.39 | FR=-0.01 | SNK_DL=5 | SNK_DIFF=3.34 | TZ=-0.01 | VKG=24 | VKG_DL=24,10,46.39,-0.01,-0.01,73312,GEISLINGEN AN DER STEIGE,1,,,,5,3.34,1.66,,,,,,,
Soll-Ist-Vergleich best. Beleg,362,dachser,correct,Differenz Automatische Zustellterminvereinbarung - Laderaumzuschlag,Differenz Automatische Zustellterminvereinbarung - Laderaumzuschlag,Differenz Automatische Zustellterminvereinbarung - Laderaumzuschlag,true,STAT=10 | TARIF=67.05 | FR=-0.01 | SNK_DL=5 | SNK_DIFF=2.69 | TZ=0.01 | VKG=54 | VKG_DL=54,10,67.05,-0.01,0.01,73312,GEISLINGEN AN DER STEIGE,1,,,,5,2.69,2.31,,,,,,,
Soll-Ist-Vergleich best. Beleg,363,dachser,correct,Differenz Automatische Zustellterminvereinbarung - Laderaumzuschlag // Produktzuschlag,Differenz Automatische Zustellterminvereinbarung - Laderaumzuschlag // Produktzuschlag,Differenz Automatische Zustellterminvereinbarung - Laderaumzuschlag // Produktzuschlag,true,STAT=10 | TARIF=53.06 | FR=0.07 | SNK_DL=5 | SNK_DIFF=3.15 | EXP=10 | EXP_DL=10 | TZ=0.01 | VKG=50 | VKG_DL=50,10,53.06,0.07,0.01,73312,GEISLINGEN AN DER STEIGE,1,,10,10,5,3.15,1.85,,,,,,,
Soll-Ist-Vergleich best. Beleg,364,dachser,correct,Differenz Automatische Zustellterminvereinbarung - Laderaumzuschlag,Differenz Automatische Zustellterminvereinbarung - Laderaumzuschlag,Differenz Automatische Zustellterminvereinbarung - Laderaumzuschlag,true,STAT=10 | TARIF=69.51 | FR=0.02 | SNK_DL=5 | SNK_DIFF=2.62 | TZ=0.01 | VKG=60 | VKG_DL=60,10,69.51,0.02,0.01,73312,GEISLINGEN AN DER STEIGE,1,,,,5,2.62,2.38,,,,,,,
Soll-Ist-Vergleich best. Beleg,365,dachser,correct,Differenz Automatische Zustellterminvereinbarung - Laderaumzuschlag // Mautdifferenz,Differenz Automatische Zustellterminvereinbarung - Laderaumzuschlag // Mautdifferenz,Differenz Automatische Zustellterminvereinbarung - Laderaumzuschlag // Mautdifferenz,true,STAT=10 | TARIF=49.69 | FR=-0.05 | SNK_DL=5 | SNK_DIFF=3.25 | MAUT=-0.33 | VKG=24 | VKG_DL=24,10,49.69,-0.05,,73312,GEISLINGEN AN DER STEIGE,1,,,,5,3.25,1.75,-0.33,,,,,,
Soll-Ist-Vergleich best. Beleg,366,dachser,correct,Differenz Automatische Zustellterminvereinbarung - Laderaumzuschlag,Differenz Automatische Zustellterminvereinbarung - Laderaumzuschlag,Differenz Automatische Zustellterminvereinbarung - Laderaumzuschlag,true,STAT=10 | TARIF=116.1 | SNK_DL=5 | SNK_DIFF=0.93 | VKG=259 | VKG_DL=259,10,116.1,,,73312,GEISLINGEN AN DER STEIGE,1,,,,5,0.93,4.07,,,,,,,
Soll-Ist-Vergleich best. Beleg,367,dachser,correct,,,,true,"STAT=30 | TARIF=308.37 | FR=-0.02 | SNK_DL=8 | TZ=-0.01 | VKG=268,8 | VKG_DL=219",30,308.37,-0.02,-0.01,73312,GEISLINGEN AN DER STEIGE,1,,,,8,,8,,,,,,,
Soll-Ist-Vergleich best. Beleg,368,dachser,correct,Differenz Automatische Zustellterminvereinbarung - Laderaumzuschlag,Differenz Automatische Zustellterminvereinbarung - Laderaumzuschlag,Differenz Automatische Zustellterminvereinbarung - Laderaumzuschlag,true,STAT=10 | TARIF=64.15 | SNK_DL=7.26 | SNK_DIFF=5 | VKG=150 | VKG_DL=150,10,64.15,,,73312,GEISLINGEN/STEIGE,1,,,,7.26,5,2.26,,,,,,,
Soll-Ist-Vergleich best. Beleg,369,dachser,correct,Produktzuschlag,Produktzuschlag,Produktzuschlag,true,"STAT=10 | TARIF=295.8 | FR=-0.03 | SNK_DL=7.47 | EXP=14.9 | EXP_DL=14.9 | VKG=309,2 | VKG_DL=152",10,295.8,-0.03,,73312,GEISLINGEN AN DER STEIGE,1,,14.9,14.9,7.47,,7.47,,,,,,,
Soll-Ist-Vergleich best. Beleg,370,dachser,correct,,,,true,STAT=30 | TARIF=206.61 | FR=-0.01 | SNK_DL=5.61 | TZ=0.01 | VKG=71 | VKG_DL=71,30,206.61,-0.01,0.01,73312,GEISLINGEN AN DER STEIGE,1,,,,5.61,,5.61,,,,,,,
Soll-Ist-Vergleich best. Beleg,371,dachser,correct,Mautdifferenz,Mautdifferenz,Mautdifferenz,true,STAT=10 | TARIF=607.77 | FR=0.02 | SNK_DL=18.31 | MAUT=6.58 | TZ=0.01 | VKG=864 | VKG_DL=801,10,607.77,0.02,0.01,73312,GEISLINGEN AN DER STEIGE,1,,,,18.31,,18.31,6.58,,,,,,
Soll-Ist-Vergleich best. Beleg,372,dachser,correct,Differenz Automatische Zustellterminvereinbarung - Laderaumzuschlag // Mautdifferenz,Differenz Automatische Zustellterminvereinbarung - Laderaumzuschlag // Mautdifferenz,Differenz Automatische Zustellterminvereinbarung - Laderaumzuschlag // Mautdifferenz,true,STAT=10 | TARIF=171.12 | FR=-0.02 | SNK_DL=5 | SNK_DIFF=-0.37 | MAUT=-3.35 | VKG=448 | VKG_DL=448,10,171.12,-0.02,,89160,DORNSTADT,1,,,,5,-0.37,5.37,-3.35,,,,,,